deg_C,relative_humidity,absolute_humidity,sensor_1,sensor_2,sensor_3,sensor_4,sensor_5,target
35.9,16.1,0.9177,893.8,925.4,908.2,1464.7,614.0,1.3
28.3,43.3,1.6304,1106.8,1127.9,667.7,1870.5,1150.4,2.3
13.2,66.0,0.9564,853.4,661.0,1051.0,1036.9,764.4,1.0
26.0,28.8,1.1396,1005.3,814.0,820.8,1534.9,1038.4,0.5
9.1,80.4,0.8678,1311.2,1229.8,651.9,1417.5,1109.5,4.4
4.2,53.5,0.4495,1122.4,949.6,758.5,1022.4,1176.6,1.9
9.8,69.4,0.9394,1368.2,1160.1,544.4,1465.8,1556.1,4.4
14.4,14.8,0.2615,878.0,1030.0,836.0,960.8,870.5,1.4
11.9,65.8,0.9081,945.8,653.8,1270.9,1460.5,887.4,0.9
32.4,29.4,1.5324,1195.0,1149.5,531.1,1941.9,1537.1,2.8
23.8,49.6,1.3546,1256.8,1469.2,542.4,2064.2,1675.8,4.0
21.2,82.2,2.0224,1507.8,1413.7,462.6,2156.3,1267.6,4.1
21.2,67.7,1.6319,1132.0,974.6,642.2,1426.9,1283.7,1.5
19.0,43.8,0.9206,1384.4,956.8,893.7,1623.1,800.1,2.2
38.4,14.5,0.9692,797.0,759.5,949.6,1232.8,476.2,1.2
26.8,51.1,1.8936,1148.0,871.2,710.5,1820.7,963.9,1.4
12.8,20.2,0.2797,776.2,729.1,1004.4,810.0,644.5,1.2
33.9,15.8,0.7028,815.0,723.0,1391.8,1168.1,466.3,0.2
22.6,33.5,0.2211,1038.7,411.3,1982.9,629.7,796.6,1.3
24.4,51.7,1.6491,1011.8,902.1,649.1,1620.6,1038.5,1.8
19.4,54.4,1.2651,768.9,675.2,875.0,1409.8,650.8,0.7
25.3,41.3,1.2202,873.2,811.2,1054.5,1527.6,647.7,1.1
18.0,64.4,1.4689,788.5,695.1,1253.5,1478.2,718.1,0.6
14.6,53.0,0.8775,831.0,680.5,1153.9,1378.0,782.8,0.6
21.7,71.8,1.6507,1105.2,796.1,768.0,1518.0,936.6,1.4
26.3,50.9,1.8404,1239.3,864.0,790.1,1652.1,884.0,1.8
20.5,67.8,1.8061,1430.7,1264.8,458.0,1963.4,1496.4,4.4
14.0,21.8,0.3581,1081.5,1171.8,642.1,1281.1,1218.2,4.1
13.8,59.9,0.9261,1138.4,782.1,740.5,1205.4,934.0,1.5
14.4,62.1,1.0168,1048.4,961.4,887.8,1547.4,911.8,2.3
11.9,44.0,0.6686,909.9,648.9,1286.2,1196.2,548.8,1.0
23.4,32.0,0.2257,1050.0,381.6,1800.5,571.5,711.3,7.9
16.1,51.3,0.9087,1227.9,985.0,761.4,1765.0,1016.6,2.4
16.6,80.6,1.5115,1114.5,1136.1,590.9,1612.1,1046.4,2.4
15.9,36.3,0.6697,1134.9,948.5,896.6,1613.0,924.3,2.3
23.6,37.2,1.0477,1039.5,991.9,1037.9,1592.9,865.0,1.8
17.4,52.2,0.9295,896.0,811.8,1127.7,1467.8,883.0,0.8
25.7,46.3,1.4649,1174.2,1120.1,678.3,2005.5,1123.0,2.3
26.7,38.0,1.3754,923.0,788.0,885.4,1538.2,770.3,1.1
8.6,77.8,0.9529,927.8,705.9,821.8,1162.0,977.6,1.2
26.4,56.8,1.7628,954.7,853.3,775.2,1586.7,781.8,1.1
16.8,38.6,0.6952,1611.2,1598.6,551.0,1679.6,2209.2,4.2
21.7,20.7,0.5605,905.3,790.5,1094.8,1218.2,533.1,1.5
23.2,47.8,1.3346,1114.9,1120.0,703.9,1929.9,1065.9,2.5
39.5,22.3,1.5686,950.0,728.2,859.2,1414.1,551.2,1.0
20.1,45.0,1.059,843.9,866.6,986.7,1619.3,827.2,1.4
9.7,84.7,0.9579,965.8,861.1,1275.0,1137.4,947.1,1.8
17.5,36.1,0.6789,836.1,622.3,1293.6,1181.1,385.1,0.9
24.0,60.1,1.7881,823.2,640.6,1134.0,1501.4,554.3,0.6
9.5,43.9,0.5598,687.8,381.9,1973.2,822.1,265.3,0.2
17.9,52.3,1.0013,1388.8,1153.5,691.9,1898.0,1330.6,3.1
25.6,30.5,0.954,1650.4,1468.2,602.7,2149.6,1739.4,4.6
32.3,25.8,1.163,971.2,714.2,1026.5,1198.8,568.1,1.1
4.9,45.4,0.3939,1021.6,745.8,934.3,918.3,1031.7,2.1
22.5,45.3,1.2354,1070.2,943.4,832.3,1607.0,920.6,2.0
25.0,38.3,1.2328,942.4,729.4,967.3,1605.8,572.9,1.2
24.9,49.0,1.4586,1360.3,1305.6,550.1,1795.4,1597.9,3.6
15.3,82.3,1.3792,872.4,572.3,1113.8,1278.2,655.2,0.5
20.2,55.0,1.5115,1420.6,1414.7,474.0,1947.7,1478.0,4.8
9.1,52.1,0.5765,828.2,632.4,1633.6,915.8,542.9,1.1
38.0,17.3,1.0933,975.1,905.1,976.5,1464.2,648.7,1.2
28.1,45.5,1.7976,1219.0,989.9,664.0,1837.5,1290.6,2.2
16.0,51.0,0.9026,757.0,536.6,1365.8,1064.2,435.5,0.4
14.2,55.5,0.9285,959.7,870.1,949.6,1471.6,837.9,1.3
24.8,35.4,0.2291,1149.4,369.8,1743.0,626.5,731.7,5.3
22.0,55.6,1.4267,1110.6,1155.4,629.3,1582.7,1342.6,2.7
31.4,30.4,1.3031,1149.5,1139.5,753.4,1873.2,1113.4,2.2
13.1,61.0,0.962,1424.9,1535.7,532.8,2162.9,1451.7,4.6
22.8,61.9,1.6223,764.2,629.2,1032.1,1368.0,564.3,0.5
16.8,38.3,0.8294,1373.3,1481.9,630.0,1988.5,1611.7,4.7
14.3,71.1,1.2201,1052.6,692.2,1104.6,1468.7,682.9,1.0
13.3,52.8,0.8501,1008.8,687.0,1124.2,1391.5,1007.8,0.7
17.6,47.3,0.9392,1950.0,1620.6,501.3,2397.1,2148.6,7.3
16.1,85.4,1.5452,888.2,643.6,1246.6,1545.3,576.3,0.1
15.0,64.9,1.0728,947.4,788.6,1015.3,1472.5,808.8,0.8
14.0,59.5,0.9891,848.6,725.8,893.4,1184.6,837.0,1.0
14.7,49.4,0.8536,1484.0,1086.8,827.2,1705.2,1545.3,2.7
25.5,34.0,0.2253,1139.6,417.0,1818.5,571.9,681.2,3.1
25.0,44.4,1.4644,1505.0,1290.8,490.2,1859.3,1412.8,3.8
11.0,76.4,1.0063,1085.4,719.1,902.3,1156.3,815.1,1.5
19.9,37.0,0.8939,1369.0,1120.7,736.4,1690.7,1080.7,2.7
19.8,60.6,1.4394,833.2,673.2,925.6,1330.1,766.3,0.7
26.3,42.2,1.4877,970.9,1025.0,651.8,1524.6,1065.0,1.6
22.6,43.4,1.1363,930.0,882.7,791.5,1598.6,944.0,1.2
20.4,66.7,1.583,1180.4,953.5,706.6,1472.5,1079.2,1.6
15.4,58.7,0.9314,1416.4,942.3,895.7,1600.8,1308.5,2.3
22.5,43.5,1.1962,989.4,929.0,756.7,1598.8,938.3,1.4
14.8,37.5,0.5922,971.6,729.4,1221.1,1279.0,544.5,1.3
38.4,16.9,1.0435,1027.0,1087.3,828.6,1655.2,830.3,1.8
15.7,51.6,0.9046,1400.3,1114.0,768.0,1679.6,1448.2,2.9
22.9,29.1,0.8589,1426.8,1273.0,729.3,1847.8,1297.4,3.5
21.3,62.7,1.5247,974.1,732.3,832.3,1328.6,963.5,1.0
26.6,47.5,1.5266,979.1,808.5,758.5,1682.1,1114.7,0.7
22.2,57.0,1.4918,1108.7,983.3,727.6,1665.7,1158.2,1.8
22.9,58.8,1.6885,1610.2,1762.6,393.9,2505.3,1899.8,7.1
22.9,47.6,1.2989,1138.5,1195.0,638.6,1659.2,1090.7,2.5
30.3,9.2,0.4499,1150.4,1227.9,819.9,1531.2,1248.0,2.4
38.9,14.0,0.9413,995.2,1074.2,890.4,1587.8,1408.0,1.8
18.5,45.6,0.9453,814.1,542.4,1199.5,1335.9,611.5,0.3
6.8,45.4,0.436,1192.8,938.1,789.9,1036.2,1360.9,1.2
25.1,57.3,2.101,864.0,604.7,996.2,1451.7,646.9,0.5
29.3,29.2,1.1249,1075.4,1024.1,742.6,1562.9,1227.8,1.2
16.7,65.9,1.3512,1019.0,955.1,727.5,1452.4,960.0,1.3
12.9,73.8,1.0537,1015.7,756.1,775.6,1109.5,825.6,1.3
29.0,33.7,1.314,974.8,891.8,916.2,1586.5,705.9,1.8
20.1,47.1,1.0457,1332.8,1263.9,629.6,2097.1,1413.3,4.6
7.1,66.0,0.7346,804.6,598.9,1196.0,1236.0,716.2,0.8
6.0,60.8,0.5811,864.0,670.2,967.3,1042.1,830.0,1.2
22.3,55.4,1.4356,1421.0,1356.6,490.0,1679.6,1480.0,3.8
25.4,35.7,0.2266,1159.6,381.6,1879.4,640.3,641.2,1.0
37.1,18.5,1.0865,990.7,1038.9,756.8,1651.4,848.4,1.9
16.7,52.4,1.0276,1176.1,975.4,834.8,1741.6,1043.7,1.3
19.9,57.9,1.4094,914.0,674.2,1005.9,1612.0,772.2,0.6
23.7,45.2,1.3602,901.0,755.4,944.6,1521.0,688.3,0.7
28.3,50.8,1.8982,755.2,498.9,1384.0,1407.1,376.0,0.4
36.6,18.9,1.0888,1175.6,1279.9,661.0,1904.9,1291.1,3.1
17.7,75.6,1.3749,878.2,683.6,971.2,1325.6,812.7,0.9
31.6,31.9,1.7251,1365.5,1468.1,596.8,2271.2,1694.2,4.8
30.8,33.8,1.4603,1145.6,1040.6,560.5,1807.0,888.2,2.3
20.9,62.1,1.4142,1153.3,1239.1,580.0,1652.0,1386.5,3.3
12.0,68.2,0.9582,1256.9,820.3,1004.8,1423.1,936.0,1.6
23.0,56.4,1.8001,1520.0,1402.5,457.9,2030.4,1715.0,5.0
23.6,31.0,0.2308,1084.4,405.2,1739.1,631.8,765.3,7.5
20.0,43.5,1.0155,1232.9,997.5,765.4,1480.6,881.3,1.9
24.1,59.2,1.7193,1205.7,1125.6,648.0,1978.0,1135.2,2.5
11.5,68.2,0.898,1505.7,1016.5,577.8,1325.0,1968.7,3.0
23.3,44.2,1.2973,920.6,797.0,745.5,1381.0,821.0,1.4
12.3,73.2,1.0741,2088.3,2079.0,328.2,2690.1,2224.9,12.5
20.6,42.5,1.098,1325.6,1529.8,527.9,2262.7,1880.6,4.4
16.0,72.3,1.3886,1265.2,1270.1,518.4,1664.4,1503.6,3.6
13.3,65.6,1.0884,928.3,779.0,1055.8,1532.2,933.9,0.8
22.0,32.0,0.8365,1502.5,1160.8,772.8,1699.4,1521.0,2.8
26.2,45.3,1.6256,1184.6,1145.7,618.0,1874.2,1171.4,3.5
9.9,79.6,1.0003,1655.7,1627.0,421.0,2035.3,1921.0,6.7
27.4,46.2,1.721,1113.8,1065.3,702.4,1798.4,844.4,0.3
23.4,50.1,1.2643,899.9,678.3,985.7,1372.7,811.7,0.8
16.1,63.4,1.2662,1654.4,1377.6,496.1,1727.0,1767.9,4.6
26.2,38.8,1.3081,1238.7,1203.8,639.4,1889.6,1254.4,2.7
29.8,32.7,1.314,923.1,869.8,744.8,1576.6,1052.1,1.6
11.3,80.1,0.9974,1149.0,877.0,854.6,1650.1,744.9,1.9
30.9,28.2,1.3373,1114.5,1066.0,687.7,1692.5,1110.8,2.4
21.3,37.6,0.833,1098.0,1034.1,834.8,1453.2,975.8,3.5
11.9,46.8,0.69,980.7,825.3,852.6,1031.7,780.1,1.1
20.5,60.5,1.3158,1197.0,1071.2,760.5,1869.5,922.4,2.7
15.2,79.3,1.3635,956.0,718.1,1039.3,1554.0,924.1,1.0
24.0,38.4,1.1386,1011.8,1105.0,744.9,1799.3,1113.6,3.2
12.6,62.3,0.9506,1068.0,956.8,844.8,1543.5,1120.4,1.8
20.2,41.6,0.9556,1461.6,899.3,920.7,1649.0,978.6,2.2
6.3,62.5,0.6316,1058.3,766.5,1456.4,1401.8,695.6,1.5
25.3,60.1,2.1195,986.9,735.4,852.5,1733.6,799.0,0.7
18.6,73.0,1.6109,1289.0,1055.4,617.8,1639.0,1271.1,2.6
20.2,50.3,1.2131,853.7,780.2,875.0,1579.0,745.8,1.0
37.9,23.3,1.2933,917.3,749.4,936.5,1546.5,507.3,0.8
38.7,18.3,1.181,1097.5,994.0,723.0,1456.1,947.4,1.9
25.9,30.6,0.9785,1186.3,1117.9,733.4,1676.8,1420.4,2.5
32.4,28.8,1.5105,1167.6,1059.4,628.3,1749.3,1204.4,2.5
27.2,25.5,0.9495,1138.3,1542.3,603.6,2092.0,1468.2,4.7
22.8,28.2,0.796,1114.0,898.9,939.0,1440.4,836.6,1.8
15.3,32.5,0.5641,837.0,672.0,1248.0,1161.5,628.9,0.2
10.5,62.9,0.8185,1181.4,1032.2,658.4,1214.0,1394.8,2.0
27.9,28.6,0.9306,1389.4,1299.5,707.7,1903.8,1330.3,3.5
13.2,38.3,0.5804,1068.0,980.7,758.5,1106.7,1123.4,2.2
26.3,28.9,1.0418,1116.0,1233.9,802.9,1788.5,1086.8,3.7
27.5,23.1,0.7771,1043.0,1008.0,923.1,1462.1,801.7,1.9
24.0,64.1,1.7562,998.8,898.7,744.0,1733.1,1014.3,1.9
20.0,46.2,1.1021,731.0,654.8,1057.0,1206.5,609.8,0.7
20.8,80.6,1.9184,1409.8,1333.8,484.0,2062.3,1386.4,5.1
24.4,49.0,1.5882,897.8,747.4,944.4,1444.3,696.2,1.1
37.6,23.7,1.6433,1346.4,1418.0,545.3,2092.5,1855.6,4.2
12.5,57.9,0.7589,830.3,551.0,1548.5,1022.9,447.2,0.6
30.2,39.0,1.6376,1089.8,1094.1,648.2,1826.2,837.5,1.6
20.9,55.7,1.4004,867.4,701.9,934.2,1294.1,801.6,0.6
8.2,79.2,0.8753,1057.3,782.1,704.0,1214.0,1038.4,1.5
23.4,60.3,1.6579,2022.5,1966.9,331.5,2913.8,2514.3,8.8
24.5,36.7,1.0244,1712.1,1543.7,518.0,2311.6,2042.5,5.7
12.3,36.2,0.5314,838.8,823.5,937.3,1000.4,800.8,1.8
17.9,44.5,1.0434,1490.3,1563.5,509.0,1834.9,1805.4,5.0
12.0,78.0,1.0693,1136.8,1095.9,635.3,1449.0,1117.1,3.1
35.7,17.0,0.9448,1136.1,1232.0,658.6,1680.0,1074.2,3.1
22.7,28.1,0.8879,1282.5,1390.7,696.7,1982.2,1409.6,4.6
38.2,28.4,1.8962,888.2,720.0,844.1,1565.1,576.6,1.1
23.8,63.5,1.7082,1957.3,1804.8,331.3,2661.2,2226.0,8.9
16.1,59.3,1.0856,1234.9,1123.5,643.5,1481.7,1180.0,3.8
27.1,49.3,1.9423,961.0,775.0,760.0,1527.1,798.2,1.2
15.6,35.7,0.644,1258.4,1115.1,939.2,1633.6,971.2,2.8
25.0,39.3,1.1077,885.1,730.3,1007.0,1346.1,844.5,0.5
14.4,59.7,0.9083,1235.0,963.0,911.0,1623.0,1145.0,2.1
33.0,40.7,1.8377,983.0,854.4,824.7,1718.0,769.0,1.3
12.5,51.0,0.7478,1953.6,1690.5,642.7,2270.5,1792.6,6.8
11.2,64.1,0.7856,816.5,517.9,1507.9,1208.4,648.8,0.6
30.7,13.0,0.6303,1037.3,1082.6,1162.8,1277.8,860.1,1.7
16.9,54.8,1.0356,1282.8,908.9,841.6,1621.8,1056.7,2.0
35.8,27.0,1.4861,925.4,768.2,861.3,1515.7,656.4,1.2
4.9,50.3,0.4629,1001.1,997.0,775.7,1016.6,1186.6,1.6
10.2,35.6,0.4623,620.3,441.9,1757.1,821.6,293.9,0.3
37.8,30.0,1.6851,1044.2,797.7,759.5,1474.4,596.0,1.2
23.8,36.1,0.2257,1027.4,415.3,2004.0,599.5,882.6,1.2
11.1,32.8,0.4187,1164.4,1359.0,561.7,1449.0,1641.4,4.5
29.0,24.2,0.9404,989.0,951.0,851.8,1428.5,783.8,1.8
18.9,32.4,0.7646,801.8,866.2,1027.0,1320.7,536.0,1.4
19.7,67.8,1.5209,1216.4,1115.9,618.0,1647.0,1109.2,2.3
20.8,50.0,1.2758,1055.6,1111.3,739.4,2037.3,1099.8,2.1
21.9,44.0,1.1242,1569.5,1282.5,644.7,2043.4,1574.5,4.3
24.1,51.1,1.5687,1652.4,1599.6,426.6,2108.7,1692.6,6.0
18.2,69.6,1.4088,883.0,734.4,918.3,1269.9,792.5,0.7
22.5,42.4,1.3328,816.5,758.5,1001.1,1618.6,574.1,0.7
26.3,34.3,1.2095,1212.6,1356.2,665.4,1874.9,1329.7,4.1
13.8,80.0,1.2554,1097.0,830.5,794.4,1369.1,831.0,1.7
26.9,25.3,0.8845,1050.0,1173.4,818.7,1829.1,968.2,2.4
5.4,48.5,0.453,1105.6,893.4,785.7,1048.3,1413.3,1.0
18.3,66.0,1.519,1035.0,816.5,996.5,1778.7,767.2,0.8
8.2,77.9,0.8393,1311.7,895.1,1220.1,1629.2,846.9,2.0
22.9,46.9,1.3721,1157.2,1136.8,592.2,2042.6,1229.8,3.0
22.2,69.2,1.763,1396.8,1397.7,480.0,1846.2,1530.0,4.5
23.8,56.6,1.7565,1228.4,1169.7,584.0,1719.0,1618.8,2.4
5.3,39.6,0.3603,1016.5,1120.0,828.9,1147.7,1102.6,2.7
11.0,63.5,0.9038,844.2,590.8,1236.0,1266.2,724.2,0.4
10.6,73.7,0.9406,1284.7,926.0,691.2,1308.7,1157.2,3.4
19.0,35.9,0.8837,851.2,628.6,1402.8,1183.0,569.2,0.3
29.0,49.8,1.9055,976.8,781.0,883.0,1747.9,643.0,1.3
33.4,19.6,1.2103,1013.3,1087.4,760.7,1860.2,1020.8,2.3
19.1,53.5,1.1895,746.6,505.9,1353.0,1298.6,442.7,0.3
15.9,44.3,0.7451,1480.3,1160.3,848.4,1833.4,1519.7,3.8
11.5,62.8,0.8199,1013.6,793.8,1171.1,1368.7,874.9,1.1
18.3,45.0,0.966,1134.0,937.3,969.2,1470.6,891.8,2.0
21.2,45.1,1.0555,930.0,932.3,921.6,1565.8,905.1,1.7
31.3,27.7,1.3789,1122.7,885.5,794.9,1747.3,911.0,1.8
33.9,19.8,1.0817,852.6,779.0,989.0,1266.2,497.6,1.0
22.0,56.4,1.4928,1394.9,1396.5,455.5,2010.4,1697.4,4.0
27.9,33.2,1.231,1333.3,1230.0,594.0,1904.8,1797.8,2.5
9.4,67.4,0.7814,1060.8,941.8,933.2,1404.3,1050.0,1.9
15.1,67.9,1.2648,1678.7,1800.9,393.3,2064.2,2059.6,8.2
24.9,51.2,1.4156,1508.6,1415.5,474.2,1995.8,1766.5,5.6
26.8,27.9,1.0252,1142.0,983.2,708.7,1675.4,1008.9,2.2
15.4,63.1,1.0557,913.9,773.2,919.8,1215.0,770.2,1.4
15.2,47.1,0.884,1542.4,1424.6,643.2,1897.2,1441.6,4.4
20.6,61.0,1.4259,1472.6,1244.5,535.5,1739.0,1499.7,3.7
22.9,50.0,1.3296,977.2,756.7,832.8,1520.0,826.6,0.9
25.0,34.5,0.228,1077.3,409.1,1817.0,586.7,664.5,1.0
10.5,59.6,0.7566,1138.2,856.5,754.5,1097.4,1226.2,1.7
26.7,51.3,1.7166,1261.4,1272.0,469.1,2164.4,1376.1,3.7
24.7,32.1,1.1199,1005.7,766.3,860.3,1450.4,810.3,1.3
12.8,59.3,0.8505,1034.1,647.4,1201.0,1305.0,590.4,1.1
27.9,29.4,1.1896,1172.7,1373.7,512.2,2081.6,1399.8,4.7
10.2,71.6,0.8841,1055.7,919.7,860.4,1663.0,1069.5,1.7
13.4,63.2,0.9335,1074.4,926.0,704.5,1257.8,1015.3,1.9
17.4,71.2,1.4091,1531.2,1484.3,454.7,2030.2,1757.2,5.4
30.8,33.6,1.5484,1212.3,1076.0,629.8,1830.2,1280.6,2.7
17.1,64.4,1.439,1069.2,926.1,656.1,1467.0,943.0,1.8
15.2,44.1,0.7674,1241.3,1064.0,845.8,1524.3,1075.1,2.9
26.5,39.0,1.2334,839.8,673.6,965.4,1485.3,578.2,0.6
10.8,69.2,0.8775,870.4,618.9,1266.7,1395.7,719.0,0.7
25.4,50.6,1.6867,977.1,758.4,879.9,1527.6,846.6,1.0
20.9,45.8,1.0971,1241.7,1211.8,559.3,1665.5,1395.5,3.8
20.2,34.3,0.844,1355.1,1705.0,964.9,1525.7,1591.9,3.8
7.3,62.3,0.6227,890.8,601.7,1184.4,977.6,888.0,1.3
24.5,27.7,0.7575,1204.6,1230.3,839.5,1693.9,1432.0,3.3
17.1,72.3,1.5463,864.0,583.7,1105.2,1311.7,585.5,0.6
22.1,57.7,1.664,1327.1,1214.8,580.9,1777.0,1339.2,3.1
16.3,52.8,0.9289,1761.7,1465.7,486.4,2296.2,1879.6,5.2
27.4,45.4,1.4718,1238.3,1036.8,635.4,1724.1,1178.1,2.6
22.8,31.1,0.9349,905.5,864.2,890.0,1467.5,883.0,0.8
14.1,68.5,1.0746,1281.6,961.6,796.0,1678.1,1054.0,2.7
17.8,24.8,0.5169,905.1,766.0,1188.6,1237.3,580.0,0.7
23.2,57.7,1.7276,1246.4,1376.9,603.2,1955.5,1311.0,4.3
21.1,51.3,1.1663,922.7,750.5,1109.9,1195.0,684.0,0.7
25.9,50.1,1.5747,958.4,808.5,786.2,1543.4,873.4,1.2
29.8,19.3,0.7595,728.2,617.9,1423.1,1215.0,421.4,0.1
19.2,26.1,0.5625,945.5,740.5,1252.6,1231.2,469.6,1.5
25.8,28.7,1.1155,999.1,913.5,839.5,1321.0,886.4,1.4
23.1,32.7,1.0716,924.5,776.6,1090.7,1435.2,517.1,1.3
4.5,71.8,0.5737,984.8,902.0,761.5,1105.6,1029.2,1.4
10.6,55.3,0.6749,674.9,490.0,1443.0,950.6,350.6,0.6
25.4,58.9,1.7798,893.4,693.7,928.0,1648.4,818.0,0.9
12.6,54.4,0.7617,1700.2,1452.4,494.0,1732.5,1977.6,6.2
24.4,38.0,1.2534,955.8,826.4,981.6,1569.2,599.9,1.3
28.0,42.2,1.5538,1132.4,824.9,673.0,1488.0,786.2,1.7
26.4,63.7,2.067,936.7,708.7,829.2,1494.4,530.9,1.1
39.2,13.6,1.0736,1163.8,1044.5,741.0,1574.4,1124.0,2.1
16.6,54.4,1.0724,972.3,629.6,1151.4,1364.2,491.0,0.8
24.5,27.1,0.8921,1255.4,1092.3,750.7,1644.4,1435.2,2.4
25.2,63.0,1.8897,1401.9,1226.4,524.5,1828.1,1333.1,2.9
29.5,40.2,1.6096,1121.3,1140.3,681.1,2057.5,1110.1,2.5
24.9,42.0,1.2484,1336.6,1355.7,646.8,1888.5,1360.3,3.8
17.2,56.9,1.0262,975.5,722.9,1026.9,1492.3,783.4,1.0
21.8,33.0,0.7812,1306.6,844.8,1051.5,1464.0,940.8,2.0
20.3,62.4,1.447,873.2,813.0,856.0,1417.4,852.2,0.9
8.0,36.7,0.3974,938.9,1020.7,734.4,1130.0,900.2,4.0
28.9,20.4,0.8184,1068.5,1042.6,864.4,1663.2,879.7,2.4
28.6,52.7,1.7928,1635.9,1249.0,455.9,2089.5,1444.3,4.0
13.7,57.6,0.8922,1082.7,779.1,1035.3,1514.1,1006.1,1.3
27.0,46.2,1.5747,1352.0,1205.3,498.8,2088.5,1622.6,3.2
10.7,61.3,0.8652,1075.3,816.2,1010.4,1339.5,915.7,1.1
24.5,52.0,1.5454,1120.1,1083.7,867.4,1850.2,1037.9,1.8
15.5,37.3,0.6879,978.7,859.0,991.2,1476.8,1026.2,1.4
33.0,33.4,1.6592,943.7,950.8,784.0,1575.8,836.2,1.2
26.9,27.4,0.9317,1237.7,1246.2,591.0,1744.1,1276.9,3.9
14.7,55.3,1.0271,916.5,855.4,814.0,1306.6,938.3,1.5
13.4,53.9,0.8701,1150.4,926.0,976.3,1468.6,1120.4,1.9
12.3,63.4,0.9351,1034.9,668.3,1207.5,1468.0,1013.0,1.0
14.5,80.3,1.3169,831.4,719.3,890.0,1221.1,739.2,0.9
21.5,50.3,1.2049,1196.9,1451.5,628.3,2411.8,1378.3,4.2
25.8,54.2,1.9202,898.6,715.4,915.8,1566.5,689.7,0.9
5.9,45.6,0.4293,923.0,714.8,1034.3,921.9,907.9,1.1
40.1,22.0,1.4312,1062.1,1127.4,704.5,1688.5,838.0,2.2
10.2,59.0,0.7704,803.5,502.5,1486.1,1158.4,342.0,0.3
25.2,59.2,1.8891,1067.2,914.9,710.0,1803.5,938.7,1.5
17.1,53.3,1.0407,1046.9,872.1,724.8,1317.4,1101.3,2.3
17.8,26.8,0.5594,1042.1,799.2,1129.6,1310.4,484.1,1.3
34.4,21.7,1.0988,1080.6,1109.2,774.7,1923.9,1099.4,2.6
37.1,16.1,1.0296,794.1,625.9,1174.1,1263.8,431.2,0.5
12.4,67.5,1.0356,1058.3,802.8,705.6,1263.2,920.1,2.2
19.4,40.4,0.9039,1470.2,1699.5,669.9,2337.0,1824.8,5.8
32.9,23.9,1.1855,1099.9,1107.7,739.8,1784.0,857.0,2.4
27.5,9.8,0.3754,1210.6,1253.0,831.3,1602.6,1284.3,3.0
18.0,82.1,1.7917,1201.2,796.0,847.6,1525.1,718.9,1.7
18.1,46.8,0.9694,713.9,512.2,1523.6,1178.8,505.6,0.3
11.7,43.8,0.6319,960.8,680.4,1235.0,1143.8,495.0,1.1
21.8,68.5,1.7851,1314.4,953.2,665.7,1692.3,1075.4,2.4
24.6,57.7,1.6238,1367.7,1184.4,517.1,1737.2,1601.6,3.4
7.5,58.8,0.6117,1193.8,1330.4,548.0,1348.0,1496.8,3.9
22.4,65.8,1.98,1060.4,817.3,754.5,1577.6,921.6,1.4
24.9,34.2,0.2252,1049.6,381.5,1839.3,632.0,752.2,1.7
24.3,24.8,0.8771,1145.9,990.0,900.0,1467.3,945.0,2.0
31.3,39.0,1.7442,1145.4,1017.1,593.1,1965.2,943.3,2.2
4.2,52.5,0.4454,865.0,721.0,1009.0,962.9,926.4,0.3
13.8,54.6,0.9087,1204.6,1526.5,528.0,1849.0,1456.4,4.1
12.8,32.1,0.5102,946.2,1008.0,2225.3,1079.2,985.8,2.4
23.2,29.2,0.8273,1557.2,1261.5,741.1,1869.9,1274.0,3.4
25.2,47.9,1.5129,833.3,676.7,865.7,1288.2,748.7,0.6
20.4,64.0,1.6585,1026.2,852.4,805.4,1450.6,830.0,1.4
19.0,19.8,0.4278,941.0,969.2,811.9,984.2,831.0,2.0
21.0,75.0,1.7198,1320.6,1401.4,476.2,2172.1,1570.4,4.1
13.4,72.2,1.0503,804.3,502.1,1472.6,1257.6,387.0,0.5
14.9,56.9,1.067,1858.4,1719.7,398.6,2014.7,2109.4,7.9
22.8,44.3,1.1629,819.7,594.3,1109.3,1412.1,573.0,0.4
23.9,49.9,1.5807,1409.3,1336.2,476.2,1836.5,1591.8,3.5
18.6,50.3,1.1201,1003.8,782.0,869.0,1263.2,914.7,0.9
26.3,36.6,1.3414,966.7,753.3,925.4,1480.8,869.6,0.9
24.0,51.7,1.5418,1073.3,834.3,765.4,1708.4,1010.5,1.2
19.7,44.2,1.0199,1499.0,1313.3,638.0,1937.4,1372.6,4.0
24.7,50.1,1.58,1094.5,1029.2,645.4,1555.7,897.7,1.9
23.5,63.2,1.6652,1234.2,1169.4,619.7,1832.3,1527.8,2.8
22.2,35.0,1.0282,1080.1,1137.8,634.3,1743.1,1222.2,3.3
29.0,42.4,1.8942,1320.5,1151.3,647.9,1719.4,1049.0,2.4
19.9,49.5,1.1878,1345.4,1440.3,514.1,1860.5,1431.4,4.5
18.7,51.9,1.0462,824.7,745.2,1258.7,1424.6,620.7,0.8
27.0,30.3,1.0752,1555.8,1227.4,693.6,1971.9,1352.0,3.7
34.2,27.6,1.3899,1220.1,1209.8,641.4,1984.3,1288.0,3.1
28.1,25.0,0.9473,966.1,917.9,810.3,1565.1,841.5,1.8
13.8,49.1,0.8489,988.0,831.6,906.7,1369.1,889.0,1.0
10.5,63.8,0.8082,957.1,729.1,1070.4,1391.0,773.8,1.0
24.7,37.6,1.1302,1074.0,1034.9,712.4,1639.5,1356.5,2.0
10.1,68.0,0.8138,831.9,532.0,1091.8,979.4,605.9,0.8
18.1,20.2,0.4274,887.3,959.7,907.9,944.9,859.0,1.7
6.2,68.3,0.6932,1100.9,731.5,1240.3,1338.6,902.4,1.5
20.4,60.9,1.568,936.2,876.7,985.7,1636.5,908.4,1.2
17.2,44.6,0.7856,1368.0,1254.4,661.5,1783.7,1471.1,4.0
18.8,56.8,1.2817,896.3,720.0,865.9,1316.3,714.4,1.1
20.6,63.0,1.6848,1038.7,941.2,712.0,1639.0,988.0,1.7
22.1,57.4,1.587,1440.0,1242.2,506.0,1860.2,1583.7,3.4
26.7,49.4,1.4733,1019.5,974.2,783.4,1688.2,791.5,1.7
23.6,67.6,1.835,798.9,561.0,1173.6,1446.5,498.2,0.4
24.3,25.4,0.7403,1953.3,1632.8,598.5,2341.6,2421.3,8.1
16.6,47.7,0.8881,813.4,612.5,1342.0,1329.1,590.7,0.5
30.3,19.0,0.8719,1193.8,1087.3,834.4,1712.9,994.0,2.1
27.1,26.0,0.9088,1127.7,920.2,1113.8,1513.0,947.2,1.6
20.5,29.7,0.7045,926.0,953.7,949.6,1173.7,793.9,1.9
40.6,22.0,1.6346,1037.5,968.0,809.8,1510.6,789.4,1.5
12.1,29.3,0.4148,1000.5,883.0,834.4,926.3,913.9,1.4
21.8,42.0,1.2161,1147.1,1131.6,718.8,1548.2,1110.8,2.6
9.6,66.4,0.7607,1129.6,1025.0,649.1,1319.7,1226.1,2.3
19.4,53.6,1.2119,804.0,609.2,1136.0,1398.8,516.2,0.3
16.2,58.4,1.0621,1409.1,1135.1,781.2,1696.3,1132.9,2.5
34.5,27.5,1.4404,1176.1,1096.9,713.8,1927.1,1224.0,2.2
5.8,71.2,0.7179,878.0,693.9,935.1,1004.0,845.5,1.1
25.1,26.1,0.8195,1298.5,1222.1,680.2,1796.8,1124.8,4.0
33.6,18.3,0.935,1297.9,1163.4,787.4,1701.0,1017.4,2.2
10.7,31.7,0.4143,961.4,1029.0,777.2,1035.9,1262.6,1.5
12.0,61.3,0.8233,921.7,591.8,1305.9,1215.5,836.3,0.6
34.6,18.2,1.1389,1060.2,1061.2,757.2,1715.9,930.2,2.0
37.9,16.7,1.1896,1043.7,971.5,929.8,1648.4,824.2,1.8
21.2,45.1,1.1666,690.9,495.7,1284.5,1350.0,473.3,0.2
13.7,64.4,0.9513,1101.1,905.2,795.6,1242.0,999.0,1.9
18.2,52.0,1.1336,1336.0,1129.0,682.2,1815.4,1482.7,3.5
17.2,52.8,1.1016,1402.5,1197.1,499.1,1534.5,1430.0,5.4
27.9,42.2,1.6989,1118.6,905.8,742.4,1750.3,826.8,1.2
7.8,59.1,0.6308,991.8,829.0,1321.8,1309.1,873.6,1.8
13.1,65.1,1.042,1043.5,895.6,896.0,1489.6,910.9,1.9
27.6,30.2,1.0402,1083.4,990.8,717.0,1709.8,1104.8,2.3
8.9,66.2,0.7531,939.5,707.9,1206.4,1375.5,741.1,1.0
16.2,56.2,0.9928,995.9,692.8,959.0,1511.6,825.8,0.5
7.6,61.0,0.6777,1015.7,657.1,1262.5,1253.2,817.0,1.1
26.7,16.5,0.5237,1588.1,1478.0,753.3,1901.8,1569.0,5.1
20.3,60.2,1.4771,975.2,667.4,920.0,1224.8,811.8,0.7
30.0,35.1,1.3899,907.5,748.6,946.0,1495.9,492.6,1.2
12.3,63.6,0.9366,863.0,610.0,1055.4,1053.4,709.9,0.9
20.9,44.8,1.0114,1445.6,1354.3,562.6,2029.2,1568.7,4.6
40.9,15.5,1.1138,1253.6,1321.0,593.2,1756.8,1517.2,4.3
11.3,40.3,0.5159,716.1,565.0,2548.8,855.8,508.8,0.5
24.4,31.1,0.2193,1110.2,411.9,1838.0,620.2,811.8,4.2
23.6,25.9,0.7636,1236.9,1386.4,706.0,1823.6,1579.1,4.6
36.7,14.7,1.102,1049.0,934.4,853.6,1659.0,872.2,1.9
33.2,28.2,1.3964,1003.2,905.0,846.4,1532.2,853.3,1.5
28.4,34.2,1.1602,1316.5,1002.2,830.3,1599.4,810.8,1.9
20.7,53.1,1.3669,1083.4,1142.3,596.8,1705.6,1172.1,2.7
7.4,47.3,0.51,1652.9,1705.9,394.0,1783.6,2405.6,8.8
18.8,70.2,1.5125,937.3,662.2,898.2,1421.5,861.1,0.7
23.6,46.6,1.3151,878.0,904.3,977.6,1742.6,855.5,1.0
17.0,37.5,0.8232,987.5,1065.0,735.3,1442.0,1215.8,2.4
16.3,33.6,0.6591,749.6,723.1,978.4,1066.0,500.0,0.9
16.6,75.1,1.3851,869.2,699.4,882.1,1354.4,816.0,0.7
35.1,19.7,1.0647,1024.1,1072.7,834.8,1548.0,885.0,2.2
19.3,71.8,1.6519,1056.3,955.8,661.2,1485.8,1348.3,1.5
27.6,29.8,1.0406,991.1,925.0,861.2,1285.4,668.8,1.7
11.6,42.3,0.5376,1075.1,755.6,1144.8,1215.4,972.5,1.1
19.9,67.0,1.5732,1355.3,1332.0,460.4,1966.3,1415.0,3.9
36.9,23.3,1.3373,880.9,649.0,1009.8,1269.0,439.8,0.7
14.3,59.4,1.0215,865.3,676.8,1099.0,1379.3,628.8,0.9
27.3,45.5,1.7308,1418.3,1190.4,589.6,1750.3,1149.6,2.5
16.5,66.7,1.3889,913.6,724.2,1012.3,1307.3,825.3,0.7
16.7,84.2,1.6012,981.6,726.7,886.8,1331.0,775.5,0.8
32.6,26.5,1.3865,1113.0,1019.7,831.0,1567.0,874.5,1.8
14.8,34.0,0.5839,1048.1,888.9,966.6,1347.8,796.0,2.1
13.1,65.6,1.0127,749.6,479.0,1199.4,1085.6,505.7,0.4
22.9,23.5,0.6263,1050.2,1093.4,861.4,1498.6,1094.0,3.1
25.7,48.3,1.507,1378.1,1144.8,545.9,1859.6,1614.0,2.9
19.3,39.3,1.0091,800.3,670.8,1022.2,1267.3,804.4,0.5
30.9,45.2,1.9797,1114.0,993.6,651.8,1870.7,1045.2,2.4
7.4,42.4,0.4356,912.8,881.9,932.3,911.8,964.0,0.4
25.0,39.7,1.4555,1353.5,1218.9,577.3,1677.1,1241.2,2.8
10.5,41.7,0.5498,744.4,511.7,1418.8,888.8,476.3,0.6
9.4,46.6,0.5153,843.8,539.6,1282.6,793.3,427.5,0.6
21.9,55.2,1.6169,1437.4,1234.5,528.7,1842.3,1362.4,2.8
12.9,63.3,0.9905,1066.8,935.3,891.3,1527.1,905.2,2.2
39.1,16.7,1.1227,1185.0,1281.5,649.4,1734.6,1371.3,2.5
14.2,65.6,1.0872,1139.8,1055.5,653.0,1376.4,1240.6,2.7
36.3,21.2,1.197,1213.7,912.7,865.3,1460.5,751.4,1.8
19.6,47.1,1.0424,847.4,593.9,1299.8,1377.1,431.2,0.7
17.8,51.4,1.0833,1284.4,1161.8,501.1,1576.0,1313.3,4.8
18.2,49.6,0.99,1647.4,1718.0,519.4,2545.0,1896.9,6.6
18.8,64.7,1.3127,1377.0,1221.1,642.6,1992.8,1134.6,3.9
32.0,18.3,1.0325,937.4,904.3,811.2,1436.8,719.7,1.6
13.0,56.5,0.8537,1285.0,943.5,1010.2,1527.6,1403.9,2.6
19.5,38.8,0.8104,951.6,775.6,1046.2,1180.8,665.4,1.5
15.6,68.9,1.2302,841.0,547.8,1317.7,1482.2,486.7,0.5
15.8,53.7,0.9107,1360.9,1299.8,635.5,2083.1,1562.1,3.8
21.1,64.7,1.79,1336.7,1241.3,495.7,1911.0,1495.3,3.3
23.3,33.2,1.1222,1007.2,913.0,888.8,1434.8,1096.2,1.6
20.4,30.2,0.7696,1351.7,1093.0,952.4,1651.3,1193.9,2.8
15.5,76.5,1.5318,759.5,544.9,1336.4,1492.4,494.0,0.3
18.6,69.1,1.3802,1033.0,812.7,917.3,1587.6,929.0,1.2
20.5,68.2,1.5484,973.0,794.9,818.0,1416.1,843.4,1.2
11.6,61.8,0.8236,994.2,682.1,1212.8,1364.8,503.4,1.2
26.0,34.6,1.1096,770.0,644.8,1040.8,1266.7,791.7,0.4
18.7,60.9,1.5078,856.3,767.4,903.6,1356.6,942.5,0.8
14.1,68.1,1.0236,1035.8,876.2,919.4,1635.6,1013.0,1.6
24.2,30.2,0.9325,1328.1,1278.4,656.0,1914.8,1424.6,3.8
25.7,45.7,1.6308,1033.2,746.8,904.8,1541.4,548.8,1.1
12.7,67.0,0.9209,1113.3,887.9,743.6,1210.3,1094.4,2.4
6.4,83.5,0.8116,831.0,595.2,1198.9,966.3,566.8,0.8
17.7,43.4,0.9559,1135.5,1312.3,671.5,1967.8,1330.0,3.7
15.3,55.6,0.9228,1003.9,889.5,889.0,1632.8,773.8,1.8
33.6,28.4,1.4454,1118.4,1182.1,628.0,1855.3,965.3,3.0
21.7,35.2,0.9128,1409.0,1272.2,599.0,2052.3,1725.2,4.3
13.3,63.6,1.0405,1041.4,897.1,881.7,1649.4,756.7,1.9
22.7,62.9,1.7495,855.8,620.7,996.6,1426.9,630.5,0.7
11.2,69.6,0.9279,1027.0,960.4,859.2,1511.4,983.0,1.7
7.8,32.2,0.3594,855.4,926.1,885.0,997.5,858.2,3.9
19.9,58.0,1.2874,1289.6,1137.8,584.2,1510.7,1164.2,3.1
25.6,45.2,1.6573,1033.9,798.9,837.4,1689.7,724.0,1.6
15.4,46.6,0.8313,1078.6,871.2,861.1,1557.4,903.1,1.8
11.0,66.9,0.8789,1478.4,1562.1,652.8,1787.7,1582.0,6.1
15.3,23.9,0.4642,904.2,777.2,1088.6,1101.1,613.7,0.8
17.4,69.9,1.4067,1046.9,814.8,820.1,1339.2,894.0,1.1
29.3,42.1,1.4715,1094.6,1210.5,558.9,1755.9,1201.5,2.4
11.9,36.9,0.5239,666.5,458.8,2533.4,810.6,343.4,0.3
23.0,33.5,0.2285,1167.8,365.9,1722.5,629.3,624.1,1.5
20.8,55.6,1.435,1054.7,757.0,941.5,1380.3,926.2,1.0
33.0,30.3,1.6468,1131.0,1052.6,615.8,1816.9,940.4,2.4
25.6,40.5,1.3821,951.4,949.8,814.2,1648.3,953.8,1.2
23.8,54.9,1.5636,967.8,700.8,891.8,1463.1,797.2,0.7
24.4,31.4,0.9406,876.7,896.8,943.5,1448.0,794.2,1.1
21.3,39.3,1.0625,856.4,737.0,1045.8,1523.6,862.1,0.6
9.8,46.0,0.5546,807.0,633.9,1088.3,893.8,520.9,0.7
22.0,37.0,0.9362,822.7,722.9,1036.2,1320.5,804.5,1.0
16.6,59.7,1.13,1209.8,1051.5,676.1,1671.2,1074.8,2.8
15.5,55.2,0.9489,911.9,753.3,918.8,1169.9,722.3,1.2
24.6,30.9,0.2212,1143.4,411.9,1714.1,626.0,801.9,4.1
10.6,82.0,1.0369,1553.5,1177.3,541.0,1562.4,1440.6,4.9
26.7,33.0,1.1788,1134.3,1179.7,571.6,1795.6,1466.5,3.0
8.3,51.6,0.5746,1040.2,1024.0,722.2,1182.4,1158.8,2.4
30.2,17.4,0.8624,791.3,754.6,1074.6,1235.0,448.5,0.7
22.6,66.8,1.6556,1629.5,1517.4,457.0,2015.6,1882.6,5.0
23.8,53.7,1.7327,791.4,556.5,1054.0,1437.5,560.7,0.5
39.9,20.5,1.427,996.3,852.8,824.0,1393.9,514.1,1.0
21.1,50.2,1.1281,981.0,842.8,844.5,1207.1,1101.4,1.1
33.4,19.1,1.0376,832.3,734.6,948.5,1331.1,504.8,0.9
25.6,48.3,1.4499,870.2,644.8,1154.6,1541.2,597.8,0.5
34.2,19.2,0.9533,789.1,592.7,1226.7,1194.9,382.8,0.7
35.1,30.9,1.8105,1039.3,824.0,797.3,1654.2,690.1,1.1
15.6,68.2,1.0766,1157.7,745.4,965.0,1581.8,830.6,1.2
11.6,42.4,0.5971,971.0,995.3,765.4,1147.4,939.8,1.9
24.4,51.4,1.6963,1454.3,1188.4,596.8,1795.5,1572.1,3.0
22.9,37.1,1.1639,935.3,850.4,925.9,1656.8,680.7,1.5
17.4,26.2,0.5741,1596.3,1231.3,660.2,1909.4,1586.7,4.4
27.4,40.8,1.5959,986.1,872.6,803.7,1668.7,823.7,1.6
33.2,15.8,0.7106,1027.2,1006.5,1044.7,1429.7,725.8,1.7
24.8,33.0,0.2265,1146.5,417.0,1735.5,573.7,713.1,1.3
14.2,58.8,0.9306,1008.8,909.0,1168.6,1247.4,914.0,1.9
28.7,45.3,1.5224,1502.0,1533.1,459.0,2779.3,1876.6,6.0
25.7,33.1,0.2291,1178.7,381.6,1866.9,611.0,640.6,1.4
34.4,17.4,0.8892,1053.4,1083.5,749.4,1570.1,1065.2,2.3
12.6,61.5,0.9062,1025.9,768.0,1029.6,1547.7,981.6,1.1
24.1,45.2,1.4544,1252.1,1334.8,580.1,2408.6,1705.6,4.2
14.5,72.6,1.0718,1604.5,1465.7,531.0,1896.8,1869.2,6.1
21.5,18.3,0.4993,836.8,618.1,1379.4,1097.5,371.7,0.6
5.3,45.3,0.4364,906.8,775.2,997.0,946.6,963.3,0.5
20.7,44.8,0.9461,852.4,743.8,944.7,1380.8,898.9,1.1
35.1,19.1,1.0636,1097.5,1057.0,754.7,1600.3,1119.0,2.3
11.0,73.8,1.0048,1528.6,1540.0,481.1,1921.8,1730.9,6.2
20.2,60.9,1.5398,1468.5,1297.2,452.4,1869.1,1755.6,3.7
15.9,67.1,1.14,770.8,573.5,1450.0,1305.6,358.2,0.5
26.4,20.5,0.7565,1126.6,1073.0,1059.4,1589.7,828.4,1.8
14.2,52.8,0.8244,1820.0,1827.8,359.6,2235.0,2353.9,9.9
24.5,46.7,1.5025,882.7,621.2,1032.6,1513.0,714.9,0.6
19.1,26.8,0.5799,765.3,556.6,1415.0,1090.7,407.7,0.5
14.0,67.1,1.0357,1350.3,960.8,728.2,1293.9,1058.9,2.4
33.2,17.2,0.9402,958.1,1039.9,770.3,1494.8,749.2,1.5
10.2,68.2,0.8225,1046.6,901.2,918.6,1442.9,968.1,1.6
17.0,24.3,0.4886,1121.0,1190.0,625.9,1310.0,1188.2,3.4
13.1,52.1,0.7706,792.0,617.0,1249.4,1148.6,597.8,0.4
9.5,78.2,0.8796,1030.2,770.6,1072.3,1418.8,593.1,1.3
29.8,33.1,1.3005,991.4,951.9,774.7,1583.4,905.4,1.4
14.3,54.5,0.9927,1049.5,809.0,840.0,1219.1,1088.7,1.9
19.2,27.1,0.5529,1386.1,1276.0,763.4,1859.2,1470.6,3.7
12.4,77.6,1.1703,1225.1,967.1,798.0,1742.4,997.3,2.3
24.1,57.9,1.645,1379.1,1135.5,532.0,1674.1,1332.0,3.6
6.3,37.7,0.3709,1131.8,1292.7,601.0,1351.3,1415.2,5.3
28.6,38.0,1.347,1090.6,910.4,790.6,1486.3,875.6,1.6
25.9,28.4,1.0394,1221.1,1016.5,816.2,1781.9,1032.1,2.0
14.2,61.2,1.0079,785.6,582.4,1227.4,1108.7,565.0,0.5
11.2,37.2,0.5341,1249.0,1052.2,780.3,1634.6,1350.3,2.7
23.8,34.2,0.2195,1166.4,396.2,1854.8,625.5,822.9,2.3
27.6,38.8,1.4029,1290.1,1458.4,485.0,1980.3,1418.2,4.0
16.0,57.9,1.0398,1235.0,898.2,884.5,1592.8,1001.3,2.2
17.7,58.4,1.142,1167.4,931.2,795.9,1578.9,1268.6,1.6
25.4,26.5,0.9217,1275.8,1262.6,651.0,1955.7,1565.2,2.8
13.0,54.8,0.8167,1270.0,1144.0,580.8,1421.6,1194.7,3.2
8.9,68.1,0.7714,1503.0,1557.9,492.4,1661.6,1783.0,5.4
31.2,24.2,1.3101,1010.7,950.6,752.0,1545.3,688.3,2.0
26.7,35.6,1.1724,1401.5,1322.4,642.6,2192.0,1399.4,4.0
8.9,52.6,0.6409,1288.0,1146.8,899.5,1404.9,1673.7,3.2
3.2,57.9,0.4344,894.0,665.0,1109.7,899.6,744.0,1.0
13.1,62.0,0.9129,1004.6,653.1,1369.7,1422.5,553.9,0.8
26.4,34.0,1.1217,1272.0,938.3,923.0,1525.6,1010.9,1.8
11.1,56.7,0.7352,1155.4,769.6,1354.6,1266.7,664.3,1.6
27.0,42.5,1.4095,1242.8,1141.6,752.9,1804.2,1128.0,2.2
18.4,70.7,1.4519,1204.4,978.7,613.8,1541.3,1107.0,1.7
27.4,37.1,1.3657,1072.2,967.6,742.0,1466.4,1095.5,1.8
14.5,59.6,0.9603,877.0,875.7,859.0,1248.3,908.8,1.6
15.3,59.2,1.0847,1006.0,788.0,865.0,1177.0,831.2,1.2
29.4,46.9,1.9129,1026.1,878.1,749.2,1680.0,743.4,1.6
16.3,64.4,1.2591,879.2,677.0,934.1,1203.9,754.0,0.5
30.2,18.0,0.7692,1005.5,1124.7,913.3,1564.0,830.3,1.7
11.4,74.7,1.0331,1405.4,1358.0,457.9,1822.1,1728.1,4.5
26.6,50.0,1.4983,1309.1,1176.1,591.2,1668.9,1331.1,3.3
24.1,33.2,0.2207,1073.8,365.8,1702.3,601.0,751.0,2.8
23.4,34.6,0.8987,1271.1,1736.7,898.9,1379.7,1578.8,4.6
13.3,67.3,1.0136,1537.6,1395.0,653.0,2156.7,1555.3,5.2
14.4,79.2,1.2824,1408.0,1369.9,496.3,1815.0,1355.5,3.8
18.9,42.1,1.0172,785.4,520.2,1485.2,1311.4,381.0,0.5
21.5,45.9,1.168,776.6,502.9,1490.0,1321.6,422.0,0.5
9.2,54.3,0.6609,655.6,506.7,1437.8,858.4,346.5,0.4
25.7,33.5,1.0097,1380.9,1201.9,643.6,1903.0,1897.4,3.2
29.7,21.7,0.8681,1362.7,1400.3,565.1,1854.0,1639.8,4.7
17.1,52.3,0.9863,1365.8,1347.4,580.9,2125.8,1569.8,3.1
23.2,64.1,1.8381,1433.2,1154.4,641.9,1814.0,1435.8,2.9
18.7,35.2,0.8307,1463.2,1012.8,929.0,1554.0,1236.8,2.6
18.3,30.3,0.6357,1450.2,1361.9,613.7,2050.9,1506.9,4.6
16.1,48.5,0.9785,936.3,867.4,979.4,1618.6,785.9,0.5
15.3,60.3,1.0961,924.3,632.0,1052.8,1318.8,775.7,0.5
29.4,26.2,1.2388,1302.9,1406.9,687.8,2253.3,1435.4,4.8
12.4,54.5,0.7978,873.2,547.2,1360.3,1250.3,703.7,0.5
17.6,60.4,1.2945,1381.0,1151.0,726.1,1832.1,1269.4,3.4
4.8,48.9,0.4325,797.1,605.9,1180.7,835.0,745.2,0.8
25.5,32.2,0.2281,1135.6,409.1,1936.3,587.4,572.7,1.5
36.8,21.3,1.2371,829.6,733.3,1034.9,1368.2,435.6,0.7
20.4,32.6,0.6887,1161.6,910.1,951.7,1453.4,1077.4,2.3
12.7,34.7,0.5086,863.9,826.8,2466.6,998.0,797.3,1.5
11.7,68.9,0.9916,1080.0,842.2,1021.2,1236.8,1064.0,1.8
36.0,16.8,0.9546,945.5,839.0,858.4,1314.2,711.6,1.5
11.4,38.7,0.5184,956.3,770.3,1044.3,1220.3,698.0,1.5
23.9,42.2,1.315,1053.4,1089.9,718.0,1668.4,1080.2,2.4
28.4,35.2,1.2898,998.1,1129.9,800.2,1827.0,989.8,2.6
20.4,42.7,1.0301,1403.4,957.8,846.0,1641.4,990.8,1.8
26.0,24.5,0.7737,1210.7,1119.2,814.8,1634.5,970.6,2.5
22.7,32.0,0.2223,1115.7,385.4,1866.8,582.8,699.2,2.4
26.1,55.9,1.733,787.7,648.9,1021.2,1456.4,502.6,0.6
27.6,42.2,1.4217,1152.4,1067.8,600.0,1721.2,1126.8,2.4
8.5,74.8,0.8947,1426.9,1319.6,412.0,1681.4,1504.0,4.5
29.8,36.7,1.6843,1101.0,968.2,628.9,1896.3,1115.0,2.1
25.1,57.4,1.7471,919.0,737.0,952.9,1595.4,629.3,1.0
18.4,43.0,0.9575,1582.9,1418.5,559.3,2275.0,1754.9,5.0
34.0,29.0,1.8617,965.2,776.7,820.3,1591.8,639.6,1.0
38.6,24.5,1.6951,990.8,876.7,846.9,1530.3,682.1,1.2
5.2,61.7,0.5786,1038.4,897.9,811.2,1009.0,1149.2,1.9
15.9,73.6,1.3872,1305.0,1297.8,532.0,1705.0,1170.9,2.9
24.4,35.8,1.0079,766.3,594.3,1181.2,1303.0,458.7,0.4
29.4,50.1,1.9604,1490.9,1397.4,486.9,2112.0,1438.2,5.0
9.2,78.8,0.9184,1193.6,912.3,643.2,1375.0,1258.0,3.1
22.7,60.1,1.4607,1310.2,1322.9,574.5,2076.9,1387.0,3.1
18.9,73.5,1.6762,1231.4,1116.5,593.6,1774.4,1128.0,2.6
20.8,29.0,0.7525,1232.8,906.0,1135.0,1526.1,945.0,1.8
26.5,48.6,1.8144,1134.3,1161.3,700.4,1865.9,1253.7,2.1
26.3,51.8,1.7419,1108.7,988.8,690.5,1737.6,1156.0,1.7
41.4,17.0,1.1444,1098.2,1107.0,705.9,1615.0,963.5,2.1
21.6,62.6,1.5696,1277.5,1100.7,558.3,1778.8,1464.7,2.7
9.7,72.3,0.8893,804.6,642.6,1088.7,1058.3,499.4,0.9
18.4,77.7,1.5795,838.5,599.0,1207.3,1334.2,507.0,0.4
30.0,48.6,1.7981,1312.0,1526.7,459.6,2259.8,1687.4,4.7
28.4,37.9,1.3834,1136.2,1179.0,719.0,1940.2,1075.6,3.0
27.9,40.5,1.4405,1239.9,1234.9,593.8,1690.7,1303.8,2.6
29.5,20.2,0.8157,885.2,871.5,965.2,1406.0,571.2,1.3
21.9,20.2,0.5295,1185.0,952.3,932.6,1346.6,1003.9,2.1
11.9,31.8,0.4489,921.1,723.1,1070.0,846.4,867.3,1.1
22.5,48.6,1.41,1151.5,1068.2,606.1,1849.0,1145.0,2.2
31.1,31.4,1.2296,911.6,625.2,1080.2,1185.6,459.8,0.8
11.9,77.7,1.1462,984.6,851.7,827.8,1237.7,929.2,1.6
14.5,54.9,0.9367,1362.4,1209.9,738.5,1761.8,1390.5,3.8
35.1,22.3,1.2792,1344.6,1363.9,649.9,2270.3,1479.4,4.8
19.8,81.7,1.9637,1119.4,841.7,739.3,1824.3,891.0,1.6
18.9,63.8,1.4017,774.6,547.1,1378.4,1296.9,452.2,0.3
28.3,28.3,1.1392,1078.1,974.4,819.6,1367.1,1219.2,1.9
8.5,72.1,0.7798,834.2,597.1,1278.1,1275.1,759.2,0.8
14.9,49.3,0.8659,972.6,877.8,1128.4,1343.3,920.0,1.1
41.8,13.7,1.192,1136.2,1080.1,725.6,1763.8,1072.1,2.2
17.2,48.4,0.9334,1186.1,949.6,925.4,1513.4,1134.9,1.7
15.1,42.8,0.6814,992.5,586.8,1261.3,1252.4,562.6,1.0
20.8,44.2,1.0524,1466.6,1606.5,495.4,2419.0,1759.5,4.8
23.4,44.8,1.3767,1161.6,1362.4,558.9,2240.8,1203.2,4.2
21.1,58.4,1.3852,1386.4,1271.6,572.4,1607.0,1366.8,3.6
24.4,71.4,2.0042,1197.9,937.6,741.3,1848.0,1006.3,1.7
5.5,61.0,0.5656,964.6,828.1,826.1,996.7,1057.4,1.7
14.3,53.6,0.9796,1094.1,738.8,1108.8,1466.4,907.1,0.9
20.9,47.2,1.2452,1208.2,1204.8,618.8,1886.6,1344.4,3.7
23.8,58.3,1.7765,1692.8,1478.6,415.5,2145.5,1916.9,4.7
22.6,43.9,1.301,1031.2,1024.4,865.0,1569.7,1035.6,1.8
23.7,31.6,0.2193,1144.2,404.1,1872.6,570.9,798.6,2.9
9.9,77.0,0.972,1376.1,1089.7,837.3,1799.2,992.0,2.5
8.5,85.5,0.9487,933.4,705.6,864.3,1131.6,878.8,1.4
11.6,70.5,0.9821,1060.2,973.1,891.3,1589.0,901.4,1.8
24.3,34.1,0.2266,1066.8,413.1,1864.7,641.5,621.2,1.1
27.8,34.1,1.4936,1307.6,1191.7,547.4,1648.0,1340.3,3.3
9.5,62.9,0.8185,1424.5,999.6,937.4,1684.6,1037.8,2.8
26.1,42.5,1.4962,997.5,805.9,873.0,1512.4,998.6,0.8
9.8,68.6,0.7851,1325.0,1088.6,565.5,1261.6,1825.0,4.9
26.1,36.3,1.2802,830.3,704.5,992.3,1340.6,509.6,0.7
39.3,21.1,1.552,1069.7,1140.9,737.5,1683.3,1035.3,2.2
18.7,73.9,1.751,1226.1,1135.3,572.9,1697.3,1213.0,2.7
13.5,67.0,1.0672,808.1,575.7,1107.6,1097.0,585.2,0.4
14.1,62.8,1.0488,991.0,782.0,837.9,1257.0,833.7,1.3
26.4,31.3,1.081,1260.3,1273.1,587.1,1607.0,1449.0,3.6
16.8,39.6,0.7006,948.5,831.9,964.2,1467.8,796.1,1.4
23.0,30.4,0.7961,953.7,882.7,868.3,1249.5,706.8,1.5
28.9,52.2,1.9705,1044.5,954.4,633.6,1659.1,1113.0,1.5
20.1,50.4,1.1945,975.2,901.2,933.3,1609.9,691.9,1.3
18.7,79.0,1.6668,888.0,708.5,898.6,1456.3,792.4,0.6
25.4,37.6,1.2318,1102.5,993.6,720.7,1777.8,1104.0,1.9
15.2,59.6,1.0375,1239.7,1062.2,545.2,1581.3,1441.6,2.7
12.0,66.5,0.9846,1042.1,1003.8,851.8,1522.8,1036.5,1.4
22.5,45.8,1.2465,1385.0,1273.1,720.0,1872.4,1265.3,3.3
26.3,51.4,1.9138,1086.2,1149.4,585.0,1965.5,1362.7,2.5
41.6,14.4,1.1125,1103.8,1082.6,733.6,1498.6,861.3,2.0
26.4,57.5,1.7063,810.3,529.2,1166.4,1521.1,476.7,0.5
12.3,20.8,0.3182,970.2,1143.3,771.7,1080.0,1147.5,3.5
24.6,49.7,1.5594,1379.0,1506.5,500.8,2177.4,1592.0,4.5
26.8,52.3,1.8795,986.0,881.9,747.7,1673.6,727.3,1.3
25.5,31.4,0.2258,1083.6,373.7,1745.2,626.2,717.5,5.4
31.6,23.6,1.015,1026.1,1064.5,967.0,1603.3,784.4,1.2
11.8,46.3,0.6397,886.6,687.3,870.0,1066.0,742.6,1.2
30.0,36.5,1.38,1427.8,1333.3,552.0,1976.0,1544.7,3.1
11.5,66.1,0.9439,1242.3,1080.7,753.4,1345.1,1209.0,2.7
23.7,59.1,1.5985,812.2,639.4,909.1,1440.2,674.2,0.7
26.3,19.7,0.7379,1014.6,939.1,1027.2,1422.6,754.7,1.4
28.5,19.8,0.8103,942.3,957.8,892.4,1492.0,679.4,1.5
21.4,56.1,1.4189,856.8,660.5,1169.0,1474.1,620.1,0.6
23.5,46.4,1.3849,929.8,745.8,810.3,1443.8,729.6,0.8
18.5,59.4,1.2966,1261.0,1304.6,696.7,2229.8,1351.4,3.4
20.0,26.8,0.5976,1055.0,963.3,891.1,1503.0,859.3,2.0
26.6,36.4,1.3842,1007.0,898.0,756.1,1693.6,907.4,1.4
25.5,34.9,0.2288,1160.5,373.7,1947.0,620.4,757.1,5.1
11.2,67.5,0.9915,1088.6,798.0,980.2,1426.0,907.8,1.7
16.3,72.1,1.2897,1553.0,1640.6,412.3,2342.1,1700.8,6.3
14.5,69.7,1.1577,993.6,724.8,967.1,1536.2,601.9,1.1
18.2,58.0,1.2581,1108.6,1013.9,759.0,1780.0,1163.0,1.9
26.7,30.3,1.1417,1269.6,1031.4,799.8,1617.7,788.7,1.9
5.4,42.7,0.3621,1155.4,1071.2,773.5,1084.6,1258.3,3.5
9.2,34.1,0.4273,963.5,888.5,881.9,1058.7,1274.6,1.1
32.5,18.5,0.9234,1055.6,1181.7,806.3,1416.4,1236.6,2.4
19.3,64.1,1.5638,1405.4,1400.7,465.5,2049.0,1560.0,4.5
22.7,35.8,0.2369,1022.9,400.0,1894.7,554.3,858.8,0.3
29.6,31.6,1.2775,1286.7,1250.8,621.1,2160.4,1567.3,5.1
23.1,39.0,1.0919,1221.0,1302.8,582.2,2223.5,1341.4,3.7
19.4,68.2,1.4044,1133.0,997.6,698.9,1620.2,1052.1,1.9
12.6,65.7,0.8964,818.3,808.6,939.6,1236.2,819.0,0.9
26.2,46.6,1.5295,1135.3,829.1,707.8,1359.4,971.6,1.6
10.8,75.1,1.0377,846.8,455.9,1357.2,1148.0,527.4,0.4
13.3,85.2,1.2779,1044.4,751.7,1433.6,1236.5,795.6,1.2
25.2,61.3,1.8522,1228.8,1196.0,523.6,2009.0,1181.6,2.1
24.3,45.7,1.4113,974.7,793.0,799.7,1467.8,1104.9,1.0
29.6,23.4,0.9235,1286.2,1490.4,799.3,1661.1,1778.7,4.4
37.7,27.3,1.599,1136.1,879.8,707.5,1686.0,915.3,1.6
29.9,19.8,0.8211,1039.7,1298.9,700.2,1893.2,1120.1,3.2
21.4,44.5,1.0993,832.6,610.6,1152.4,1123.3,478.0,0.6
31.5,25.9,1.2671,1341.1,1332.5,556.8,2037.2,1800.3,3.6
25.7,33.7,1.1562,1013.2,898.6,759.5,1596.4,918.0,1.7
24.0,63.0,1.8223,973.4,741.5,927.2,1504.8,744.7,0.6
20.9,64.2,1.5877,1526.7,1471.6,465.3,1846.0,1657.8,4.3
16.7,47.1,0.8793,834.2,798.1,846.4,1265.5,900.9,1.3
22.1,31.4,0.8615,869.3,770.1,1322.5,1282.5,500.2,0.7
7.5,45.8,0.4975,933.2,716.8,889.2,939.9,757.6,1.2
24.1,38.0,1.1199,1642.5,1555.5,589.7,2114.7,1586.9,4.8
16.3,61.9,1.0729,1025.9,897.8,777.1,1213.1,839.8,1.6
22.8,46.2,1.3361,795.8,602.0,1190.4,1395.9,619.8,0.4
22.9,33.2,0.9001,1310.0,1230.3,765.0,1666.6,1304.1,2.9
31.5,23.4,1.0652,887.0,935.3,976.3,1466.6,732.2,1.3
13.7,51.2,0.8807,803.5,540.5,1379.2,1176.9,380.2,0.5
30.9,32.7,1.431,1314.6,1220.7,605.6,1653.5,1194.6,3.0
22.7,61.6,1.7327,1275.2,1066.9,658.3,1580.8,1047.8,1.9
39.6,24.1,1.7282,1005.7,784.4,926.0,1571.8,579.3,1.0
25.6,22.6,0.7611,1076.2,983.6,987.0,1457.0,875.7,1.6
15.9,40.9,0.7151,1382.7,1305.6,546.8,1567.7,1511.5,3.8
27.5,48.0,1.7172,1324.0,1182.4,596.7,1629.0,1209.8,2.2
29.2,34.3,1.231,952.4,843.2,878.6,1491.9,1055.3,0.6
13.5,66.9,0.9566,821.0,543.1,1177.3,1016.5,686.0,0.8
33.6,20.7,0.9364,1147.5,1355.7,675.2,1729.6,1193.2,3.7
33.9,14.9,0.8371,923.1,924.4,915.6,1466.2,785.9,1.7
23.5,39.5,1.1764,955.8,888.8,851.0,1725.7,1043.4,1.2
26.5,43.6,1.5098,1295.7,1311.4,483.2,2017.6,1587.0,3.3
31.8,32.2,1.6252,1327.0,1203.8,609.9,1922.8,1730.5,2.7
29.6,30.5,1.2616,1031.2,897.8,755.0,1554.3,1065.0,1.8
22.9,32.9,0.23,1050.7,369.8,1869.9,583.3,725.8,5.5
15.9,84.7,1.5253,1190.0,1125.2,620.1,1740.2,1083.4,3.0
17.6,54.9,1.1279,1727.7,1520.0,469.4,2653.2,1890.0,5.5
21.6,36.5,0.908,1289.9,1415.4,722.0,1912.7,1520.0,4.2
11.5,69.1,0.9389,1042.5,892.8,906.8,1466.9,835.7,1.7
11.2,59.1,0.8455,1687.6,1674.8,571.3,2414.6,1744.1,5.8
14.3,65.8,0.9809,993.3,671.2,1222.0,1473.7,647.9,0.9
22.1,22.4,0.5955,858.2,724.2,1281.5,1188.0,635.4,1.2
29.7,36.1,1.7897,1152.0,1058.4,683.9,2078.0,1126.1,2.8
31.1,23.2,0.9763,1094.4,1314.4,640.6,1897.8,1587.6,3.6
21.0,75.5,1.9105,1036.8,815.0,731.0,1583.9,1048.0,1.2
13.7,38.2,0.5947,927.2,572.2,1458.3,1108.4,440.4,0.6
20.6,44.8,1.1016,1497.6,1481.0,550.0,2154.2,1738.6,4.8
31.8,20.1,0.915,970.6,1024.4,802.8,1507.4,690.5,1.4
11.0,58.6,0.7628,847.4,542.9,1556.3,1292.6,622.1,0.6
39.6,15.9,1.2028,1189.0,1265.2,617.6,1835.2,1341.1,3.3
29.4,36.4,1.5581,1314.3,1169.0,606.2,2000.2,1349.8,2.5
23.9,30.0,0.9545,1425.7,1440.6,573.0,2344.6,1523.9,4.6
13.5,40.8,0.6923,849.4,521.0,1606.5,1215.9,366.7,0.4
21.0,48.2,1.0925,916.8,957.5,703.2,1469.6,973.4,1.6
17.6,56.4,1.0912,1152.4,986.5,725.2,1723.8,1188.0,2.1
12.4,25.6,0.4185,926.2,746.4,843.5,974.4,769.6,1.1
19.6,67.1,1.5442,943.0,666.5,910.9,1253.6,849.7,0.8
11.0,57.2,0.7382,944.5,572.2,1525.9,1217.4,575.3,0.8
18.1,49.8,1.0355,863.1,654.8,1289.0,1292.7,545.4,0.3
13.6,63.3,1.0594,986.9,702.5,1155.4,1491.4,710.9,0.9
30.1,31.7,1.3155,781.4,689.8,1086.0,1292.0,433.3,0.6
20.7,69.9,1.6564,1420.6,1246.6,595.7,1602.4,2150.0,3.2
28.5,17.9,0.8014,1031.7,1058.5,995.7,1469.4,825.8,1.7
24.2,32.2,0.2234,1022.1,408.1,1898.3,621.7,866.4,1.0
33.6,25.9,1.2269,974.5,953.4,863.1,1480.7,867.3,1.6
25.8,33.0,0.2187,1125.5,396.2,1727.6,633.9,841.7,1.1
24.8,27.9,0.9658,1115.0,1022.1,663.1,1542.3,1181.4,2.5
28.3,37.3,1.4372,1208.4,1045.4,711.5,1707.8,984.9,2.0
29.9,45.8,1.823,1197.0,1053.0,623.0,1743.2,1082.9,2.3
18.8,25.4,0.5046,1018.5,908.0,944.0,1420.4,852.6,2.0
28.5,43.8,1.6164,1110.9,793.0,810.3,1604.3,791.8,1.7
18.4,63.9,1.3545,1399.0,1160.9,643.0,2061.0,1427.1,3.3
26.1,48.4,1.5856,1397.9,1293.7,488.2,1886.8,1334.6,2.8
21.4,78.8,1.8885,975.4,709.7,958.6,1512.2,659.2,0.9
20.8,58.3,1.561,1048.3,900.2,653.6,1425.9,1127.6,1.7
23.8,51.9,1.7291,752.4,554.9,1146.6,1502.8,482.2,0.4
27.5,58.0,1.8347,1727.8,1504.8,452.6,2144.3,1724.8,4.1
14.5,53.1,0.8728,1318.7,932.2,971.0,1581.7,1139.2,2.3
12.6,64.6,0.9206,1217.0,966.2,803.5,1563.2,1087.0,1.9
20.9,61.2,1.5817,782.8,583.9,1138.0,1377.1,581.1,0.5
18.0,46.7,1.0221,1313.0,1074.3,769.2,1642.4,1375.0,2.1
33.5,19.5,0.8948,1199.4,1121.0,759.5,1562.4,897.2,2.3
22.2,43.9,1.1665,807.0,582.4,1075.2,1470.2,666.6,0.4
27.5,53.5,2.0183,1151.2,1039.9,708.6,1763.5,1047.3,1.7
14.8,38.9,0.685,1029.0,737.1,1144.6,1196.9,594.3,1.4
19.7,39.0,1.0104,1386.5,1297.0,650.0,1865.6,1797.8,4.6
17.0,57.5,1.1342,1087.8,799.9,920.0,1499.3,898.9,1.3
19.5,45.8,1.0279,970.9,917.6,998.9,1689.6,921.4,1.8
39.5,17.6,1.2884,991.7,1006.0,786.4,1642.2,768.5,1.7
25.5,34.5,0.2271,1071.2,401.3,1867.4,624.7,723.2,2.6
11.4,73.9,0.9735,1287.0,926.6,881.3,1541.8,1102.4,2.0
13.0,33.0,0.4613,916.2,756.0,893.7,980.5,648.7,0.9
38.8,21.7,1.4036,1088.0,1035.3,740.1,1697.4,805.4,1.8
27.6,37.7,1.4431,1166.9,963.3,676.4,1761.4,1157.5,1.8
15.8,42.8,0.7569,1528.6,1298.9,727.7,1998.9,1531.4,4.2
28.5,29.0,1.0671,1009.8,1102.4,733.0,1547.6,1185.0,2.3
14.7,37.0,0.6462,1382.9,1319.8,531.8,1503.8,1763.0,4.2
20.9,65.0,1.6036,1715.0,1607.0,345.0,2376.0,1943.9,6.3
34.1,22.7,1.351,894.0,764.4,936.0,1464.0,598.9,1.1
13.8,61.2,0.9147,1005.8,990.1,840.8,1667.4,995.0,1.9
8.6,47.8,0.5157,820.0,531.3,1294.3,853.6,438.0,0.6
25.6,28.5,1.0013,878.1,778.0,1007.3,1400.9,480.0,0.9
7.4,75.5,0.8483,967.2,744.8,875.5,1070.4,847.9,1.0
17.7,66.9,1.3289,1489.3,1353.0,632.1,2053.9,1283.0,5.0
22.4,49.1,1.1659,1142.1,1191.0,557.1,1580.8,1354.4,2.8
14.9,59.8,0.9474,747.4,495.9,1373.0,1063.3,469.0,0.4
16.7,72.4,1.3379,1411.7,1303.0,644.8,1993.0,1320.1,3.9
14.8,54.9,0.9843,1170.8,994.6,662.0,1408.6,1164.0,2.4
19.6,71.4,1.5418,1068.8,947.7,659.5,1479.1,1069.2,1.5
3.0,79.9,0.5963,733.2,666.0,1099.0,952.8,738.8,0.7
32.8,23.5,1.2165,1137.4,1289.7,664.4,2050.3,1290.8,3.5
18.3,32.6,0.7163,1044.2,1057.4,814.1,1241.7,907.5,2.6
21.7,56.0,1.56,1648.0,1542.5,413.6,2332.8,1722.7,5.6
12.3,67.0,1.0239,965.0,777.0,918.1,1219.9,813.7,1.6
19.2,74.3,1.4794,904.3,673.9,901.6,1455.4,805.6,0.6
24.5,47.4,1.5478,1361.7,1159.7,563.0,1625.3,1215.4,2.9
23.0,38.2,1.1158,862.6,673.0,990.4,1450.0,697.0,0.8
20.8,33.9,0.8982,854.4,562.6,1434.3,1064.1,768.5,0.2
22.8,34.4,0.2274,1132.4,365.9,1871.3,616.9,644.0,1.1
20.3,70.3,1.6914,1087.2,955.5,755.0,1531.7,942.4,2.2
11.7,70.3,0.986,875.2,657.5,1023.7,1149.2,733.6,1.0
6.0,60.8,0.6123,885.4,567.0,1213.2,873.0,823.0,0.7
23.0,45.5,1.1321,1128.9,1413.7,664.0,2114.1,1309.1,4.5
15.8,56.0,0.9778,1454.3,1403.1,574.5,1894.1,1462.6,5.7
20.9,50.7,1.1093,833.3,742.1,900.6,1433.8,766.3,1.1
24.0,48.9,1.4135,897.6,836.0,845.4,1523.8,863.6,1.0
13.7,35.2,0.5683,828.1,855.9,874.6,1009.6,808.9,1.8
19.3,59.8,1.4363,835.4,626.8,1045.3,1345.0,582.4,0.6
21.0,52.7,1.3078,1272.6,1087.4,556.6,1490.6,1176.9,2.3
27.1,44.4,1.537,1382.1,1114.1,535.8,1924.0,1662.6,2.4
25.0,32.0,0.9786,1566.6,1567.7,560.6,2304.7,1797.4,6.1
15.4,47.4,0.8762,939.3,819.8,951.6,1231.9,877.1,1.8
20.2,53.9,1.1967,851.7,665.3,1053.0,1479.9,659.4,0.5
14.7,53.7,0.9032,1398.5,1249.5,736.1,1920.6,1370.0,4.2
25.4,49.6,1.5755,934.9,750.8,832.3,1465.9,949.4,0.8
24.2,56.3,1.6721,1035.3,873.6,775.2,1564.2,797.0,1.2
9.1,54.0,0.6349,1482.9,1453.5,451.0,1526.6,2143.0,6.8
19.9,47.5,1.0653,1416.0,1047.6,725.7,1810.9,1391.2,2.3
15.5,76.7,1.3721,900.2,797.9,740.3,1401.9,858.2,1.3
16.0,50.1,0.8505,855.5,707.8,1258.5,1271.3,741.0,0.7
7.1,66.4,0.7371,1434.1,1497.8,492.3,1731.7,1673.8,4.3
27.1,30.8,1.3126,1000.9,1010.2,766.1,1502.9,877.8,1.6
28.6,32.1,1.1176,1188.5,932.8,845.0,1691.0,854.5,2.0
17.4,32.1,0.6295,1019.9,852.8,1070.6,1391.2,713.0,1.6
25.9,31.6,0.9602,982.6,893.0,822.6,1411.7,959.0,1.3
26.4,25.0,0.7966,1021.2,931.6,903.0,1550.6,888.4,1.5
14.5,14.9,0.2462,874.2,1007.8,879.0,903.1,1049.4,1.9
32.3,22.5,0.9959,1050.0,942.8,777.6,1511.0,852.6,2.0
10.5,35.2,0.4799,885.8,572.9,1038.7,925.4,701.2,0.8
27.0,24.7,0.9922,1275.8,1232.4,783.4,1715.0,1033.2,2.9
17.0,56.0,0.9722,864.6,612.8,1238.6,1277.8,683.8,0.5
25.8,29.0,0.9815,970.6,1015.4,858.9,1658.9,755.5,1.5
21.3,23.5,0.606,1022.2,1044.3,992.9,1605.8,853.6,2.2
27.6,23.3,0.8288,1210.6,1114.0,845.8,1729.9,931.9,2.6
22.8,50.4,1.4956,1413.0,1233.3,494.0,1890.1,1295.8,3.6
18.6,26.8,0.652,940.5,924.0,925.3,1375.9,912.7,1.7
28.2,48.7,1.7884,1086.8,1003.6,682.1,1776.8,1133.0,1.6
7.6,39.4,0.4133,1277.1,1130.9,602.4,1226.0,1530.3,3.5
24.5,29.3,0.8944,990.8,1032.3,711.4,1569.8,1143.7,2.8
18.1,57.6,1.1779,1674.4,1641.2,405.5,2197.0,1791.4,6.3
36.5,20.3,1.1222,1023.0,989.9,819.9,1711.0,910.0,2.2
10.2,32.0,0.4112,922.7,800.7,856.5,876.1,819.8,1.5
33.8,26.3,1.3338,1079.2,965.2,666.3,1641.2,857.0,2.0
24.2,35.6,1.1397,1029.6,964.9,785.6,1438.2,952.0,2.1
18.3,30.4,0.592,1121.0,907.2,942.4,1451.0,859.0,2.2
19.0,48.3,1.1087,851.8,611.6,1092.5,1074.4,620.8,0.5
23.8,27.4,0.8499,882.3,790.0,1215.0,1355.3,559.0,0.6
13.3,50.8,0.7577,1032.3,954.4,952.6,1531.6,993.8,1.9
18.8,68.8,1.5097,1183.5,1168.6,585.6,1706.6,1203.0,2.5
35.7,21.5,1.214,1007.0,1056.0,673.7,1553.2,896.1,2.3
14.0,39.6,0.6243,1300.9,1078.5,920.6,1502.1,1143.7,2.8
24.5,24.0,0.8233,990.8,1144.4,816.1,1663.2,1028.2,2.9
19.4,39.8,0.8352,942.2,714.0,1151.4,1351.0,571.2,0.7
14.3,63.3,0.9802,928.7,997.5,785.0,1329.0,1055.7,1.6
22.5,40.7,1.1631,914.3,738.8,1007.8,1332.1,840.8,0.7
27.7,48.6,1.7299,1071.1,866.2,683.8,1610.9,945.5,1.9
38.7,17.5,1.0789,931.2,882.0,927.2,1524.0,630.8,1.2
16.3,74.3,1.2633,970.6,813.2,738.2,1314.2,835.7,1.5
31.9,43.8,1.8909,941.2,840.5,770.9,1515.3,724.2,1.0
18.5,36.9,0.7862,1116.2,912.1,932.2,1377.3,851.6,2.0
21.0,37.3,0.8878,913.7,742.6,1342.3,1335.0,516.8,0.7
21.5,53.8,1.287,978.6,886.8,721.0,1438.5,947.6,1.3
23.3,34.1,0.2261,1119.7,404.5,1737.0,590.9,776.3,0.7
6.9,45.4,0.4333,1008.0,861.0,892.3,951.4,1265.9,0.9
26.3,26.0,0.9693,1501.0,1401.9,643.0,2008.4,1409.8,3.0
17.8,41.3,0.9233,1490.9,1286.3,658.3,2070.6,1970.8,5.3
27.1,31.3,1.0991,1147.4,1146.9,840.5,1418.9,1107.4,2.7
25.8,34.3,1.1493,1307.5,1158.7,767.5,1895.2,1283.0,2.7
24.8,24.8,0.7938,1091.5,1077.2,1098.2,1461.6,1406.6,2.2
28.6,27.3,1.2507,1078.0,1250.1,754.0,1967.4,1024.1,3.1
14.2,77.2,1.2104,1453.0,1166.2,588.8,1709.8,1262.9,3.9
20.6,58.1,1.3581,822.1,606.7,1186.1,1258.5,587.6,0.4
19.3,37.1,0.8435,1077.3,980.1,1011.4,1506.4,962.3,1.8
25.9,45.1,1.4576,1302.4,1160.3,532.9,1773.8,1131.8,2.8
26.6,53.0,1.9267,913.4,741.6,833.2,1655.7,611.0,0.8
19.1,71.5,1.5139,943.0,716.2,860.5,1442.7,855.4,0.8
26.8,28.8,0.9076,1100.6,825.5,981.1,1564.5,752.8,1.5
25.0,29.4,1.0378,1288.4,1307.0,776.0,1530.2,1328.6,3.2
9.5,81.4,0.9579,1014.6,756.6,1037.3,1516.2,759.4,1.1
14.4,65.7,1.0704,834.7,625.4,938.4,1209.6,625.0,1.1
9.0,48.9,0.5856,1524.1,1395.8,486.5,1513.9,2057.2,4.2
27.5,29.1,0.9475,763.4,584.9,1529.8,1290.0,418.5,0.5
22.4,52.1,1.4247,1097.6,827.7,706.2,1499.6,1004.0,1.8
27.8,22.0,0.7805,1010.9,924.4,1037.4,1394.0,712.5,1.7
21.3,31.4,0.745,1120.1,897.6,934.9,1518.0,985.0,2.2
29.1,31.2,1.3526,1406.0,1503.8,479.2,2282.8,1987.4,4.4
21.6,34.6,0.9184,862.8,563.6,1328.9,1108.4,752.4,0.3
41.7,14.2,1.114,1034.0,943.0,768.6,1456.4,911.0,1.6
24.5,27.8,0.9101,1255.4,1138.3,809.0,1771.1,1069.2,2.6
15.0,58.9,0.9951,1130.8,781.8,963.8,1556.5,912.0,1.6
17.1,19.5,0.3728,827.9,689.9,1083.2,799.9,576.2,1.0
19.4,33.3,0.8099,939.1,786.0,1094.5,1430.0,486.4,0.9
12.1,57.9,0.8444,912.8,583.7,1362.9,1303.4,692.6,0.7
17.5,74.8,1.5219,849.6,783.1,834.1,1415.2,804.9,1.1
23.8,50.7,1.4153,786.6,642.7,976.7,1313.4,593.6,0.4
16.9,61.4,1.2567,827.2,605.4,1155.4,1276.1,622.2,0.6
21.3,68.5,1.7164,1191.0,1133.6,575.2,1539.1,1132.7,2.3
18.2,71.2,1.4396,1029.6,844.1,785.4,1470.8,935.6,1.5
32.0,28.4,1.4347,1052.8,1132.2,574.3,1686.7,887.9,2.7
9.1,34.3,0.3958,957.9,741.9,970.3,915.1,866.0,1.2
23.4,33.0,0.2261,1050.4,389.5,1681.4,601.9,745.9,4.1
15.5,53.0,0.9341,1257.8,958.8,887.0,1539.4,1423.0,2.0
27.4,42.4,1.5255,1153.4,893.6,753.6,1516.3,720.7,1.4
32.6,24.7,1.3021,938.8,815.0,786.6,1541.4,666.6,1.2
21.3,50.6,1.2981,1335.9,1318.2,598.5,2081.2,1396.5,3.5
10.4,81.6,0.967,850.1,534.6,1416.4,1236.1,572.4,0.3
39.0,13.8,0.8335,898.6,1047.3,796.1,1405.4,773.8,1.7
23.5,39.8,1.0972,864.2,715.8,960.7,1355.0,651.4,0.6
3.1,59.7,0.4368,910.0,803.0,863.0,945.7,885.4,0.5
19.6,35.7,0.8352,1076.2,992.0,793.4,1595.3,1167.1,2.0
13.0,61.1,0.9661,1136.3,854.0,695.8,1227.8,976.4,2.1
10.7,57.0,0.7459,919.8,610.5,1450.1,1267.8,459.0,0.7
23.4,63.2,1.7657,922.2,563.6,1175.0,1506.9,423.0,0.4
24.5,38.1,1.3461,962.8,722.9,931.0,1512.0,937.6,0.9
16.2,42.3,0.7483,1576.0,1567.0,418.8,2062.8,2047.2,8.0
15.3,62.7,1.0031,1077.7,890.2,790.8,1279.1,994.6,1.8
18.0,77.9,1.5581,860.9,636.3,983.2,1306.8,595.6,0.5
25.4,47.1,1.5105,1118.4,916.0,711.0,1441.1,1049.3,1.7
8.7,75.2,0.8496,823.7,509.6,1638.7,1248.4,366.7,0.5
18.0,51.8,1.0668,978.1,741.5,1081.1,1425.9,687.4,0.7
27.8,34.3,1.1244,921.2,998.6,884.2,1702.8,940.5,1.9
30.0,24.5,1.1271,1132.2,1031.2,803.6,1741.2,951.6,1.8
22.4,59.8,1.6266,838.9,706.0,894.5,1448.4,672.6,0.6
7.4,76.6,0.8437,827.7,692.2,1159.3,1351.4,827.9,0.8
22.5,42.6,1.2299,1098.9,1004.0,743.5,1678.7,987.5,2.3
39.5,26.0,1.6312,1227.0,1229.0,648.7,1938.0,1320.5,2.8
10.8,79.6,0.9399,1330.8,1030.8,657.2,1380.5,1362.2,4.1
18.7,77.3,1.6568,1180.2,1145.6,547.8,1826.2,1744.4,2.8
12.8,58.2,0.8627,1185.6,877.7,1086.6,1435.4,1158.6,1.5
12.1,38.7,0.5298,930.0,556.2,1457.0,1070.9,761.9,0.8
30.8,42.5,1.7474,1090.7,961.0,649.7,1783.0,1180.4,1.8
14.4,55.5,0.8633,835.6,614.1,1152.4,1287.7,770.9,0.5
19.8,66.2,1.4396,809.3,741.5,972.0,1483.0,836.0,0.7
27.8,40.0,1.4691,976.5,937.0,772.2,1695.6,1111.8,1.5
30.6,20.2,0.8452,1281.3,1275.0,833.6,1783.0,1099.8,3.2
26.8,39.6,1.2452,1129.4,934.1,750.7,1738.8,1067.2,2.0
5.6,44.6,0.3937,933.0,821.2,891.1,946.4,956.5,1.5
27.5,64.7,2.1005,844.5,619.7,1034.6,1525.9,516.0,0.7
29.0,31.4,1.4517,1053.1,925.4,854.9,1830.2,870.1,1.7
18.3,51.9,1.1322,1200.9,1213.7,611.0,1525.6,1262.4,2.6
11.3,56.6,0.7868,1388.2,1291.6,524.0,1466.4,1854.4,5.2
27.7,38.4,1.4468,1368.8,1226.4,560.6,1724.1,1159.1,2.7
30.5,34.5,1.5165,1251.1,1138.8,571.2,1824.0,1354.7,2.8
10.4,61.3,0.7956,1161.3,878.0,1038.0,1447.1,1104.6,1.6
8.5,78.1,0.8415,1434.2,1185.6,740.0,1840.2,1116.2,3.4
29.0,19.5,0.9064,1302.9,1422.5,696.2,1978.6,1254.3,3.4
19.6,44.5,0.9248,851.6,793.2,1067.2,1365.1,750.5,0.6
12.1,60.0,0.9146,816.0,753.8,1039.0,1176.1,840.6,0.9
22.8,37.9,1.1508,1266.7,1409.8,645.5,2356.2,1444.3,4.0
16.9,56.4,1.0371,1308.5,1330.8,675.2,1719.9,1592.4,4.0
31.0,30.5,1.2711,1246.3,1126.0,663.3,1746.4,1252.0,2.5
12.3,67.4,1.0101,843.6,659.6,1004.7,1206.3,793.0,1.1
22.1,38.6,1.0243,1068.2,1001.1,691.6,1773.0,1228.0,2.2
23.0,42.5,1.2495,1007.0,996.3,817.8,1648.0,800.7,1.6
34.8,27.9,1.697,1001.9,790.5,890.0,1438.7,556.4,1.1
24.5,37.9,1.291,1008.0,1021.1,861.1,1808.6,1195.8,1.6
23.9,44.1,1.4978,868.6,773.3,863.2,1458.2,806.0,1.0
19.8,26.0,0.604,936.5,813.8,1078.4,1343.4,576.6,1.6
10.2,55.3,0.7473,1051.0,997.3,661.2,1333.0,1077.7,2.7
10.9,59.1,0.8473,1086.8,605.6,1464.8,1293.0,819.7,1.0
15.1,60.8,0.9413,673.6,458.0,1653.6,1033.9,384.2,0.3
22.0,31.5,0.8854,1410.2,1364.0,700.9,1964.4,1495.7,3.7
30.6,29.5,1.2247,856.5,752.9,948.5,1453.2,734.6,1.0
26.4,34.6,1.2518,920.7,796.4,890.4,1541.2,1133.0,0.6
7.6,72.0,0.7607,853.7,689.9,956.8,1042.3,969.3,1.0
34.7,21.6,1.1248,1140.6,1033.9,817.0,1751.3,1012.9,2.0
11.7,67.9,0.964,982.3,881.6,797.1,1505.7,995.0,1.7
28.9,35.8,1.5034,1308.0,1235.2,559.9,1859.5,1390.0,3.2
24.7,55.2,1.8536,1268.0,1284.2,519.0,2198.6,1480.5,3.0
28.7,26.6,1.1278,1158.6,1023.9,702.8,1648.3,1004.2,2.5
24.8,35.4,0.2274,1143.1,417.0,1699.0,625.5,672.8,2.2
23.6,51.1,1.3486,886.6,817.0,1003.6,1673.4,926.2,0.9
19.7,64.9,1.3582,886.4,679.7,960.7,1333.1,667.4,0.6
15.2,59.7,1.0875,1395.0,1393.0,571.2,2119.7,1510.0,4.0
17.8,77.4,1.4978,1038.4,828.6,754.4,1351.3,955.1,1.3
30.5,33.1,1.633,1208.4,1216.8,613.8,1976.6,1427.8,3.6
14.0,77.5,1.2098,1234.2,994.4,697.0,1319.8,1091.8,3.6
26.8,15.3,0.5708,1309.4,1028.2,1093.9,1616.5,1133.1,2.6
25.8,20.7,0.677,1105.6,950.6,957.9,1399.4,941.4,2.1
8.1,52.9,0.6022,807.2,608.2,980.2,1010.1,786.6,1.1
11.4,31.5,0.4378,709.9,505.4,1387.7,765.2,416.6,0.6
17.8,57.0,1.1768,1021.8,818.9,804.0,1370.2,883.5,1.4
13.1,63.5,0.9656,1036.9,776.6,1008.1,1456.0,905.8,1.1
22.5,65.1,1.7515,1045.4,855.8,701.2,1502.5,1028.2,1.1
14.9,51.6,0.8686,1085.3,834.2,1120.4,1435.1,1159.6,1.0
33.8,33.0,1.73,1022.1,968.8,805.6,1719.1,840.8,1.6
29.8,30.7,1.1132,1026.7,1171.0,843.5,1730.9,929.3,1.8
22.8,18.4,0.5933,1118.4,1191.4,867.3,1644.0,949.5,3.0
33.8,38.1,1.7655,1029.6,921.1,823.6,1549.1,640.8,1.6
16.0,55.4,0.9809,962.6,956.5,694.7,1330.6,1091.8,1.9
26.1,42.8,1.4713,1320.1,1201.3,548.1,1873.0,1452.0,3.3
20.8,38.6,0.9802,747.7,584.7,1162.9,1255.0,702.8,0.4
15.6,55.8,0.9295,761.1,490.9,1561.6,1125.6,394.0,0.3
20.6,65.7,1.5828,1039.8,800.7,758.3,1461.5,944.4,0.9
9.1,71.0,0.8469,1236.8,1281.1,592.8,1524.8,1331.2,4.7
27.8,27.9,0.9403,1546.3,1644.3,605.0,2361.7,2004.4,4.8
14.9,84.6,1.3399,957.3,745.8,835.0,1352.5,727.7,1.1
28.7,21.6,0.8116,1100.2,1167.9,777.5,1564.6,960.4,3.1
25.6,33.4,0.2318,1022.1,395.4,1853.9,552.9,787.8,0.7
19.4,45.7,1.0084,1398.1,1413.0,555.2,1968.0,1408.7,3.9
19.7,73.5,1.5851,1153.4,1062.8,668.9,1637.2,1133.0,2.1
28.2,51.0,2.0767,1134.6,971.2,708.0,1823.1,994.5,1.6
21.8,61.7,1.5547,1140.5,995.0,661.0,1511.2,1171.1,2.2
17.8,71.5,1.4582,1130.2,1013.8,636.5,1530.8,1033.1,2.0
12.9,77.3,1.1774,1057.4,604.5,1133.9,1432.1,496.3,1.1
8.9,69.6,0.7375,1122.0,825.2,1045.4,1409.2,983.7,1.5
25.7,55.9,1.7838,1166.6,1009.1,668.0,1573.3,1087.8,2.3
19.1,59.9,1.3345,1347.6,1358.9,587.5,2016.0,1584.7,4.6
21.5,33.7,0.8191,1245.5,1183.5,756.6,1742.2,1343.1,3.1
11.4,70.7,0.9207,1529.8,1496.6,568.7,1900.2,1585.6,7.1
25.2,54.5,1.5426,1156.0,1026.9,641.5,1618.7,1212.8,1.9
11.2,81.7,1.1231,885.6,658.9,916.7,1133.7,772.5,0.9
25.8,57.9,2.012,831.6,597.7,1154.0,1559.0,487.1,0.5
11.5,66.7,0.9209,1033.2,699.9,1108.4,1304.6,508.8,1.3
16.6,34.1,0.6867,1115.9,927.4,953.7,1552.4,780.8,1.7
23.8,56.1,1.6835,947.7,842.5,788.2,1688.2,854.9,1.2
23.5,52.5,1.5201,1328.6,1377.1,568.6,2385.5,1548.0,3.6
24.6,59.8,2.0575,885.5,675.1,888.5,1511.2,479.0,0.7
22.4,30.4,0.9212,1094.4,1106.4,810.9,1728.0,961.6,2.3
15.5,73.5,1.1947,1338.5,1173.9,581.2,1585.0,1176.1,3.7
9.4,36.8,0.4391,933.1,885.8,798.9,910.9,911.0,1.7
16.0,69.6,1.3239,886.1,619.8,958.6,1216.0,766.4,0.5
15.5,70.9,1.1282,992.0,736.0,1017.6,1527.0,629.8,1.1
10.8,58.3,0.7813,935.2,570.2,1462.2,1312.7,677.7,0.6
21.3,62.4,1.3878,828.2,644.8,1100.0,1382.7,593.8,0.6
21.8,62.7,1.5551,1512.0,1426.6,401.8,2034.0,1813.8,4.0
23.9,66.9,1.7392,976.1,669.8,857.0,1467.5,843.0,0.7
20.4,51.0,1.247,816.7,623.2,1015.2,1355.6,638.6,0.4
16.5,53.6,1.0146,878.8,689.7,1084.6,1475.0,637.0,0.8
23.6,52.0,1.5583,1013.9,771.0,831.0,1517.8,932.9,1.1
14.5,49.4,0.8765,1280.6,1027.9,817.3,1587.7,1144.9,2.4
20.1,50.6,1.2047,1074.4,995.5,787.4,1730.5,929.1,2.4
15.4,64.6,1.1484,915.6,580.9,1258.3,1315.8,523.6,0.4
21.3,37.5,0.9842,812.9,626.2,1214.5,1245.5,507.0,0.7
28.2,25.2,0.915,1251.1,1002.5,825.0,1703.1,1143.3,1.8
7.1,62.2,0.6519,809.3,697.5,1555.0,1061.5,572.7,1.4
43.2,12.3,1.0326,1115.7,1150.5,735.4,1511.2,1146.6,2.1
13.7,66.0,1.1018,1730.0,1689.7,345.0,2119.0,2223.0,7.5
8.1,70.3,0.7666,1421.1,1258.7,531.0,1552.3,1502.3,4.6
19.4,72.9,1.5861,921.6,779.9,786.0,1348.9,886.0,0.9
17.7,52.3,1.117,743.5,569.4,1130.0,1366.5,637.3,0.5
16.4,69.6,1.491,1147.6,1159.2,580.1,1580.1,1130.0,2.1
26.5,25.9,1.0665,1091.0,1207.0,717.6,1691.5,1391.2,3.1
35.6,23.7,1.2984,1079.5,952.8,768.4,1549.3,699.7,1.9
22.5,36.3,0.991,793.0,602.2,1393.8,1250.9,439.8,0.6
17.8,50.5,0.9689,1561.0,1135.3,864.2,1848.6,1096.1,3.5
20.7,51.1,1.3171,844.5,634.5,1054.7,1348.0,621.3,0.6
27.0,24.7,0.8899,1385.3,1357.3,644.1,1968.1,1496.2,4.1
13.9,27.9,0.4332,1125.6,1051.4,746.8,1128.8,1090.0,2.4
20.0,31.6,0.7193,1054.1,924.7,850.2,1512.0,865.3,1.7
10.7,55.1,0.7408,1373.0,927.0,1181.4,1471.5,1046.9,1.9
40.1,15.2,1.0828,1034.0,944.5,800.9,1587.6,1305.6,1.6
16.2,85.9,1.5816,892.0,734.3,972.3,1759.6,724.0,1.0
14.8,52.6,0.9181,724.0,495.0,1531.0,1092.4,367.5,0.3
10.1,62.7,0.7648,1159.6,602.9,1610.6,1212.2,657.2,0.9
16.0,48.2,0.916,1030.0,788.7,948.4,1540.4,952.3,1.2
22.0,61.6,1.6139,741.1,589.8,1206.4,1371.6,571.7,0.4
27.3,36.7,1.2243,909.8,730.2,964.6,1500.7,972.2,0.5
34.2,19.8,1.0168,951.4,929.6,939.4,1583.4,837.5,1.7
35.2,22.6,1.1781,943.3,827.2,931.8,1423.6,519.8,1.0
10.9,65.0,0.8336,1120.0,964.6,909.4,1492.4,854.0,2.6
24.6,43.7,1.457,1020.6,763.8,955.0,1539.0,734.0,1.0
18.1,35.6,0.8381,1142.3,955.4,834.6,1520.0,1223.0,2.0
16.8,79.2,1.532,957.0,827.2,730.3,1407.5,974.6,1.2
12.1,48.1,0.7374,745.9,521.0,1535.0,1076.2,332.5,0.4
15.7,52.2,0.9033,990.9,785.0,963.2,1207.4,817.8,1.5
22.6,40.6,1.0106,1260.3,963.0,840.3,1612.1,986.9,1.9
8.1,88.0,0.9393,982.0,606.3,875.9,1095.9,693.8,1.0
37.0,26.2,1.7808,981.8,766.5,877.0,1524.9,593.6,0.6
17.7,59.6,1.2822,1368.6,1329.7,475.3,1770.5,1655.7,4.0
23.4,51.1,1.5963,1499.8,1399.8,505.6,1884.7,1597.9,4.1
12.7,65.3,0.9722,1086.5,968.8,856.0,1508.7,1003.0,1.6
23.5,61.5,1.6636,1405.9,1273.6,522.2,1735.4,1418.9,3.6
34.3,28.4,1.5079,1288.0,1230.9,616.7,1856.6,1285.3,3.4
26.9,27.7,0.8969,1175.0,1347.0,577.9,1619.9,1958.0,3.9
16.4,62.1,1.2413,1223.0,1125.6,713.0,1868.9,1235.5,2.4
34.6,31.8,1.6642,1029.0,822.6,820.8,1520.0,618.4,1.1
15.4,53.8,0.9456,1373.0,1028.6,911.6,1556.2,1158.2,2.2
30.4,21.4,1.1069,879.6,636.1,958.8,1371.6,437.8,0.7
30.3,21.8,0.959,1202.8,1082.5,729.1,1800.8,860.5,2.3
36.5,35.6,1.9255,957.6,677.7,1012.2,1598.5,477.5,0.8
19.8,61.4,1.2757,1447.2,1180.2,500.0,1769.7,1595.4,3.7
7.3,40.2,0.3948,827.2,771.4,946.6,992.2,1050.4,1.2
15.8,36.8,0.617,1012.0,790.8,1150.5,1301.0,521.7,1.3
21.0,46.2,1.2259,741.2,526.7,1510.0,1266.2,418.2,0.4
12.9,71.1,1.0346,1239.5,1190.4,586.6,1517.2,1251.5,4.1
22.5,30.5,0.8217,862.9,688.0,1093.2,1149.4,492.1,1.0
37.1,17.1,1.0853,1072.6,985.8,746.8,1681.0,879.8,2.0
14.4,41.1,0.6595,1081.0,1039.7,892.5,1736.7,945.4,2.9
18.7,25.9,0.5673,826.6,711.7,1340.9,1146.5,511.8,0.9
12.1,61.4,0.9027,1100.2,1110.8,914.9,1520.3,1154.2,3.5
32.0,31.3,1.3865,1150.4,1147.4,640.0,1752.0,1056.5,2.5
24.2,28.7,0.8718,1346.4,1260.5,744.1,1857.2,1288.7,4.0
32.1,17.4,0.9444,1249.4,1327.0,634.4,1826.7,2101.8,3.7
15.6,59.4,1.0464,1208.0,904.2,899.9,1447.1,722.9,1.7
22.5,53.1,1.4175,841.0,727.0,1134.2,1508.0,535.7,0.6
16.1,56.1,1.0007,1134.9,1062.1,587.1,1470.0,1159.1,3.4
38.3,22.1,1.4263,1181.0,1091.0,644.4,1702.5,1018.4,2.3
31.9,35.2,1.6145,1333.1,1223.6,610.1,1794.2,1328.9,2.8
25.0,33.7,0.2266,1030.7,365.9,1912.5,568.6,722.5,1.1
27.3,48.3,1.7334,1468.7,1473.4,517.6,2265.0,1698.5,5.9
21.9,61.6,1.5452,1432.2,1301.4,562.4,1875.8,1469.8,3.3
20.8,49.8,1.1924,1655.3,1658.3,492.0,2413.4,2006.0,6.7
36.5,19.8,1.2534,1026.7,1046.9,690.1,1560.7,1465.2,2.1
35.5,19.6,1.0664,977.6,964.2,728.5,1573.9,1066.0,1.8
21.0,61.8,1.6021,1221.1,1256.9,526.4,1658.7,1329.1,2.8
24.4,66.3,1.9243,1309.4,1273.0,534.3,2059.2,1485.0,3.8
7.4,36.0,0.3889,899.6,801.2,933.0,873.6,791.0,1.6
15.6,66.5,1.1273,1294.8,1131.6,574.7,1622.9,1349.8,2.9
27.0,35.6,1.4251,1500.4,1511.3,433.0,2202.8,1620.0,5.6
17.7,56.8,1.11,1351.4,1104.8,582.0,1473.9,1386.0,3.1
14.7,75.6,1.2348,1178.9,1005.9,787.7,1757.2,1026.2,1.8
11.5,48.2,0.6421,1365.1,1430.1,806.0,1539.2,2053.8,4.5
26.7,45.7,1.4591,1292.0,1235.5,546.0,1700.2,1437.0,3.2
26.2,44.2,1.7266,939.6,698.7,1011.2,1505.4,644.8,1.2
20.0,63.4,1.5692,1342.6,1330.8,470.4,1886.6,1442.0,3.9
10.1,48.7,0.6225,730.3,451.2,1659.4,828.5,317.2,0.3
23.8,60.3,1.633,1217.8,1072.2,702.0,1722.8,1263.2,2.5
25.0,35.1,1.1764,918.7,738.5,956.6,1295.6,538.5,1.4
21.6,58.0,1.5218,1141.4,993.7,628.2,1599.6,1323.9,1.8
16.7,50.5,0.9559,1135.8,1129.9,703.1,1760.3,1005.0,3.0
22.5,18.3,0.471,955.7,1110.9,897.2,1373.5,966.0,2.1
18.3,47.2,0.9112,1033.9,917.0,827.2,1398.7,940.8,1.3
18.9,47.1,0.9224,1310.2,1332.0,595.0,1784.0,1488.0,3.9
24.5,57.3,1.6872,1399.6,1518.4,429.7,2141.8,1455.0,4.3
21.2,37.9,0.9882,823.2,578.9,1503.8,1221.7,392.9,0.5
27.5,56.2,1.8459,1114.7,1121.7,582.8,1980.3,1183.8,2.4
10.5,41.1,0.5209,687.9,369.2,2020.8,837.9,242.7,0.2
14.5,62.0,1.0704,1201.2,719.3,1051.4,1436.3,1014.3,1.2
24.3,47.8,1.4412,1188.4,1118.3,701.0,1521.9,1391.3,2.2
40.2,14.2,1.1681,1063.3,1145.6,751.9,1638.0,1060.5,1.7
13.8,60.0,0.938,1142.1,848.2,881.6,1531.5,1022.8,2.1
16.4,51.2,0.9308,721.7,519.8,1391.0,1064.1,412.8,0.4
15.3,51.2,0.9019,781.4,644.1,1276.0,1272.0,582.2,0.6
26.7,50.8,1.698,888.2,722.3,895.1,1439.6,765.6,0.9
26.0,35.7,1.1528,901.5,949.0,805.6,1705.6,977.5,1.7
13.1,55.1,0.9028,1061.3,985.8,826.6,1635.1,1058.7,1.9
13.1,71.0,1.0387,846.0,732.3,965.2,1222.2,736.0,1.0
10.6,74.1,1.008,951.4,734.1,760.5,1218.9,1029.2,1.3
8.8,40.5,0.4888,1473.9,1589.1,450.4,1611.2,2086.9,6.6
15.2,33.1,0.6257,797.0,566.0,1468.5,1078.6,388.5,0.4
32.8,22.1,1.1303,822.7,631.5,1154.4,1239.4,547.0,0.8
15.1,52.0,0.8878,744.5,490.2,1301.5,937.2,444.4,0.4
9.3,42.0,0.4781,1023.8,903.0,765.4,1035.8,958.9,1.7
14.9,58.7,1.0602,975.5,730.1,867.8,1256.1,730.4,0.9
15.1,46.7,0.7407,1343.1,1062.1,718.0,1677.1,1419.0,3.0
7.9,72.1,0.7463,844.4,675.2,1268.9,1240.7,748.8,0.7
14.8,47.2,0.8177,1279.0,1164.9,782.8,1670.1,1255.4,3.3
19.1,73.8,1.4498,944.5,752.9,891.0,1319.2,864.2,0.8
15.3,71.4,1.3654,1543.4,1371.8,573.3,2166.0,1483.6,5.2
24.7,23.4,0.7829,1351.4,1119.6,946.0,1610.2,1189.8,2.4
27.2,45.4,1.5722,1586.0,1644.4,414.1,2502.3,2041.8,6.6
21.9,64.6,1.5967,1204.3,978.4,652.8,1473.4,1093.4,1.4
24.0,47.3,1.4061,1059.0,981.6,783.0,1627.5,929.7,1.6
26.2,30.0,1.0542,889.4,865.2,870.1,1359.5,619.5,1.3
15.6,59.3,0.9974,1362.2,1023.0,762.6,1835.0,1120.5,3.1
33.3,33.8,1.5599,1376.6,1305.0,513.5,2057.5,1628.8,2.8
28.0,17.9,0.8083,1027.1,1000.2,867.4,1529.8,848.6,2.3
23.9,37.2,1.0774,932.8,831.2,1089.3,1525.1,617.0,1.2
24.2,36.9,1.16,904.4,771.3,898.8,1355.4,744.7,1.2
22.2,62.6,1.6847,913.0,747.8,895.4,1442.4,781.2,0.7
14.1,47.6,0.7374,826.8,715.9,1310.0,1008.0,765.3,1.7
14.1,45.3,0.8089,1294.3,1068.0,759.0,1666.0,926.3,3.3
24.7,32.7,0.2287,1168.9,385.5,1738.6,623.5,640.4,1.3
26.6,36.6,1.3008,752.4,599.0,1108.4,1295.9,427.4,0.5
17.9,70.2,1.6398,1050.4,971.6,699.4,1616.2,1381.0,1.7
20.8,64.6,1.4622,1081.0,1137.8,620.2,1762.3,1159.1,2.2
20.1,59.0,1.3112,1067.1,1022.9,862.5,1435.9,927.8,2.2
20.7,61.3,1.4543,978.5,813.3,810.3,1237.8,782.8,1.2
24.5,31.1,0.8771,1121.3,958.6,875.0,1630.5,1264.2,2.2
22.6,44.4,1.0919,1160.0,979.3,594.3,1490.8,1047.2,3.3
14.7,46.8,0.8989,1398.7,1327.0,746.2,1815.4,1303.4,3.9
13.4,76.5,1.2169,1164.8,814.0,766.1,1315.7,873.3,2.4
7.5,70.0,0.7043,945.2,677.2,1158.0,1347.4,810.9,1.3
13.4,55.5,0.8581,1329.2,1012.3,786.2,1702.4,1003.9,2.6
23.3,58.6,1.6673,916.9,652.4,969.2,1426.6,650.9,0.8
22.4,41.5,1.1856,741.5,570.2,1188.5,1169.4,448.1,0.3
13.3,68.1,1.0292,1073.3,1008.8,795.2,1739.1,1039.4,1.7
12.8,52.6,0.8446,1150.1,905.4,864.4,1651.5,988.4,2.4
14.4,65.7,1.0167,910.4,600.0,1261.5,1454.2,678.1,0.6
7.1,46.4,0.4869,814.3,548.1,1179.0,807.0,444.3,0.5
18.5,65.0,1.4028,1231.3,1031.7,671.2,1845.9,1129.6,3.1
15.0,58.0,1.0075,833.3,664.6,1260.0,1432.2,493.9,0.7
3.9,90.8,0.7041,1042.5,964.6,738.4,1177.1,1018.5,2.1
17.1,67.5,1.3557,1542.3,1173.1,632.8,1951.3,1574.9,3.3
19.0,76.0,1.5634,1097.9,883.5,690.8,1443.0,1091.0,1.6
28.9,30.2,1.2502,1101.1,973.2,779.0,1513.1,1370.6,1.2
27.0,31.3,1.0566,1054.5,900.6,837.9,1697.3,846.4,1.9
19.5,55.5,1.3138,1513.4,1798.8,382.6,2424.2,1846.2,6.3
9.3,75.8,0.8873,972.2,752.0,818.7,1176.1,834.2,1.3
10.1,67.5,0.8152,921.9,434.2,1838.2,1088.5,326.8,0.5
22.9,40.4,1.0115,920.8,892.3,1058.4,1458.2,745.7,1.5
10.6,62.6,0.8554,1034.2,884.1,954.1,1464.1,646.0,1.5
39.1,16.8,1.2793,1098.2,1014.6,675.2,1485.8,817.5,2.2
19.3,43.7,1.0189,1062.3,989.4,768.9,1658.5,802.8,2.0
21.0,57.0,1.4942,1155.4,1052.8,672.0,1750.4,1107.8,2.6
13.4,62.1,1.0432,1429.0,1148.7,526.3,1566.2,1620.9,3.2
17.0,71.0,1.4758,1038.9,889.2,736.7,1546.3,1323.9,1.6
8.1,57.4,0.6331,1082.3,783.8,999.4,1016.6,1120.0,2.0
23.8,33.1,0.2255,1022.4,412.1,1905.3,570.6,855.2,2.1
15.0,61.6,1.0154,1043.0,864.5,826.8,1415.4,910.0,1.6
14.4,39.0,0.6929,1111.8,936.2,826.6,1551.0,1074.3,2.3
35.6,27.6,1.4693,1287.3,1179.7,624.0,2010.6,1363.4,3.0
18.7,52.1,1.0927,947.6,857.5,850.8,1324.0,862.8,1.4
35.1,21.4,1.3384,958.8,975.1,721.9,1532.6,673.2,1.6
41.2,15.0,1.1033,1097.0,1084.7,745.0,1704.4,892.8,1.9
25.4,45.3,1.6121,1005.9,789.6,832.2,1516.1,692.2,1.0
20.1,57.2,1.5092,850.7,690.9,1026.1,1575.9,763.4,0.6
19.1,72.6,1.6112,968.6,856.8,823.0,1472.9,890.2,1.1
19.8,40.4,1.0091,1226.6,797.1,951.6,1662.1,813.8,1.8
19.9,44.4,1.0363,708.8,484.0,1723.2,1309.1,360.5,0.3
22.8,48.1,1.3501,808.3,659.2,1112.8,1202.5,601.0,0.5
17.1,45.2,0.9401,963.9,930.3,760.7,1333.1,851.8,1.4
18.3,63.6,1.3499,1398.6,1204.7,529.2,1681.7,1672.3,3.2
34.3,27.2,1.2271,1133.6,1107.8,725.8,1738.6,856.9,2.2
23.0,34.4,1.0053,1283.0,1012.5,819.6,1528.4,753.9,1.8
15.6,38.5,0.661,1434.2,1077.1,866.7,1653.0,1082.0,2.9
10.3,78.4,1.0191,1163.0,1038.8,614.8,1273.9,1234.0,2.2
13.9,61.7,0.9173,793.4,817.4,959.3,1201.5,831.0,1.0
10.6,76.8,0.9322,850.6,740.9,1767.0,1072.8,789.0,1.2
6.1,44.1,0.4242,946.6,843.6,946.6,895.3,1006.0,1.6
13.8,69.4,1.0364,987.0,809.6,865.0,1195.6,926.6,1.4
2.3,56.3,0.4134,909.8,672.2,945.4,864.4,920.3,1.8
29.1,28.4,1.0272,874.2,871.5,995.3,1226.7,652.8,1.4
33.6,20.1,0.9336,985.2,1010.8,769.4,1509.0,770.3,2.3
36.5,29.2,1.7099,1276.0,1299.1,568.0,2245.3,1340.1,3.6
20.1,55.8,1.4228,931.0,733.4,1031.1,1330.8,778.7,0.7
19.3,69.3,1.5141,861.6,704.9,904.0,1315.2,755.6,0.6
20.4,26.1,0.6607,1180.8,860.4,1081.2,1524.3,721.9,1.7
12.8,20.1,0.3003,1128.2,1313.7,712.8,1223.9,1504.5,3.3
11.3,63.6,0.8398,1496.0,1246.6,680.3,1990.9,1343.0,4.1
12.8,45.8,0.6991,1308.3,1046.4,832.6,1600.3,1268.9,2.9
21.3,42.7,1.0964,1252.7,1177.9,549.8,1594.5,1520.3,3.6
26.3,57.6,1.9027,929.1,666.4,946.6,1627.1,729.2,0.5
10.7,47.0,0.6135,923.5,621.9,1340.2,1190.7,387.8,1.0
30.7,22.3,0.9889,1010.0,1213.7,707.5,1768.5,1369.0,2.3
25.5,37.2,1.1669,864.8,767.3,1004.2,1565.5,605.6,1.5
13.9,43.2,0.6623,1027.4,741.7,1146.1,1382.2,811.6,1.7
29.2,24.4,0.9285,1094.1,1042.5,987.0,1575.4,847.6,1.8
22.1,49.3,1.3019,923.2,803.7,921.2,1566.6,914.0,1.3
18.4,68.5,1.4776,1243.2,1191.7,603.6,1685.0,1285.7,2.7
25.0,56.0,1.7515,1107.0,866.9,710.0,1575.6,831.3,1.5
32.8,29.9,1.6299,975.2,846.4,892.5,1433.1,639.9,1.3
21.9,44.6,1.1405,892.0,739.5,973.4,1297.4,834.3,0.4
19.0,55.0,1.1404,998.1,867.0,888.3,1378.0,781.7,1.3
20.1,57.2,1.5322,1827.2,1938.7,369.8,2432.4,2130.5,8.1
26.4,26.5,0.8942,1487.2,1282.5,643.2,1947.0,1817.6,3.5
17.9,50.4,1.0064,1350.4,1046.9,697.5,1760.1,1285.7,3.0
18.8,58.8,1.3554,1024.0,882.7,920.6,1766.1,1058.9,1.5
21.0,56.5,1.3353,1427.5,1210.3,596.1,2090.3,1559.3,4.6
14.6,46.6,0.8744,1257.3,1161.7,845.5,1786.0,1199.9,2.7
25.2,41.2,1.1665,1029.1,1004.2,755.2,1911.0,911.6,2.8
6.2,77.5,0.7271,1025.9,857.8,828.9,1048.1,1065.3,1.3
26.1,41.7,1.551,1110.3,864.2,821.5,1347.6,808.1,1.3
12.0,53.8,0.7536,1566.0,1286.0,759.5,1882.8,1545.6,4.4
13.8,42.8,0.6896,987.8,875.2,1033.3,1337.6,745.8,2.1
21.9,60.4,1.5951,1424.0,1280.1,518.8,1864.0,1519.0,3.8
13.7,51.3,0.7699,1354.3,1414.0,497.3,1485.1,1702.6,4.4
28.4,46.9,1.7468,1481.2,1305.9,507.0,1830.7,1366.2,3.9
16.7,30.5,0.5945,732.4,543.7,1472.0,1098.9,360.0,0.4
21.6,60.2,1.5496,1138.0,827.2,763.4,1568.8,961.6,1.5
39.5,17.1,1.1729,1031.9,1141.2,735.6,1570.0,829.4,2.1
14.4,40.4,0.6278,1268.0,1168.2,616.7,1389.2,1534.1,3.0
33.8,23.3,1.2488,1093.7,1075.2,745.7,1909.6,972.9,2.2
33.7,19.8,1.0999,1106.7,1183.0,863.9,1885.0,1099.6,2.8
24.2,31.1,1.1071,1126.8,993.3,877.1,1446.6,1045.8,1.5
22.8,58.1,1.7504,903.4,850.6,727.2,1636.8,997.9,1.2
22.0,38.8,0.9768,979.0,1120.4,673.0,1531.9,782.8,2.0
28.7,43.1,1.697,1064.1,940.0,655.7,1744.3,1119.4,1.5
22.7,61.6,1.651,1803.8,1871.1,357.4,2482.5,2117.8,8.4
23.0,51.4,1.362,1533.0,1344.2,433.4,1990.0,1668.2,4.4
9.2,81.7,0.8804,881.9,520.8,1181.9,971.8,669.8,0.7
18.0,73.4,1.5723,1281.3,1072.5,553.9,1754.6,1270.1,2.9
26.8,44.5,1.7272,949.6,801.6,749.2,1542.3,775.9,1.2
35.8,16.3,0.8757,707.8,612.6,1221.7,1104.5,401.7,0.5
25.4,32.3,0.2241,1033.1,415.5,1787.5,610.5,801.6,1.0
16.3,52.0,1.0167,1149.0,1041.7,751.8,1720.0,1041.3,2.0
8.9,79.2,0.9067,862.1,644.2,1928.6,1021.1,807.8,0.9
8.2,62.8,0.7173,1113.4,728.2,1167.2,1297.2,1015.9,1.8
22.5,49.1,1.3077,719.0,525.5,1145.0,1204.8,613.2,0.4
20.1,67.0,1.524,1057.7,861.1,819.5,1364.3,867.8,1.2
23.6,28.6,0.7913,1294.9,1252.6,808.9,1252.6,1198.9,3.5
32.8,24.4,1.0987,1192.7,899.6,860.4,1581.7,673.9,1.3
13.6,64.2,0.9399,1310.2,891.9,871.4,1643.4,1124.6,2.1
16.7,80.2,1.5527,1406.8,1234.2,476.9,1923.5,1314.8,3.2
40.2,20.6,1.2851,1196.9,1125.3,671.3,1612.1,938.9,2.1
20.2,42.2,0.9407,1249.3,1096.6,699.9,1768.3,1275.1,2.7
8.9,78.4,0.9506,1364.2,1205.8,562.6,1564.2,1212.7,3.2
24.6,40.4,1.423,1234.8,1112.6,677.2,1618.8,1408.0,3.9
10.8,73.1,0.9092,951.9,709.1,1209.5,1399.9,790.9,0.7
9.7,67.1,0.8736,827.2,649.8,1129.2,1028.2,470.0,0.8
22.7,30.8,0.8558,999.6,864.3,1044.5,1270.6,939.5,1.2
11.0,61.0,0.7455,1076.4,705.9,1209.7,1403.0,824.0,1.2
30.2,30.1,1.2445,939.1,905.4,803.4,1488.0,870.2,1.7
15.6,48.8,0.8178,1510.5,1285.2,644.1,2063.2,1301.8,4.3
24.1,53.8,1.6774,1554.4,1374.0,470.2,2118.9,1833.4,5.0
24.8,47.6,1.4903,1302.0,1198.1,580.8,1631.0,1341.9,2.8
14.3,52.5,0.9589,871.1,682.9,1058.4,1189.0,628.8,0.7
22.6,63.8,1.6261,1327.0,1170.9,522.8,1862.5,1434.0,3.6
20.4,62.0,1.4894,842.5,581.4,1099.9,1317.0,629.2,0.5
25.4,50.2,1.6304,882.6,705.0,850.4,1372.4,642.6,0.8
30.0,17.6,0.8243,871.2,698.9,1046.0,1202.0,483.2,1.1
8.6,57.0,0.6521,936.0,637.5,994.2,997.0,585.9,1.1
23.9,37.2,1.153,1290.0,954.1,769.2,1609.8,1312.5,2.0
25.3,32.7,0.2254,1151.0,381.5,1950.2,601.7,687.6,4.5
18.5,43.2,0.9183,1712.0,1567.3,506.4,2407.3,1970.8,5.6
4.3,63.5,0.537,1175.1,865.8,682.4,1027.4,1738.2,2.6
19.0,20.2,0.4321,1057.7,1028.6,745.9,1137.5,1065.0,2.7
14.4,67.8,1.0254,982.3,869.6,843.9,1589.0,931.6,2.3
14.2,68.3,1.0513,1738.4,1568.8,423.4,1921.0,2061.4,5.3
4.7,46.6,0.3967,799.3,509.2,1391.0,785.4,561.6,0.5
7.6,52.6,0.5184,1292.6,1379.1,553.9,1300.8,1820.0,2.4
8.0,69.5,0.7655,923.4,614.8,1210.0,1220.2,773.8,0.8
16.1,57.0,1.1289,886.4,894.7,910.4,1585.6,974.0,1.6
22.1,27.7,0.7838,871.4,894.9,894.6,1339.8,811.7,1.9
25.3,50.0,1.4666,785.8,663.6,1024.0,1411.0,664.6,0.5
32.4,12.8,0.7158,908.0,1000.1,857.0,1498.4,955.1,2.2
7.6,46.2,0.4714,714.2,409.4,1569.8,731.3,345.0,0.3
35.4,23.3,1.4402,989.4,873.0,859.0,1323.4,581.8,1.7
17.2,62.6,1.343,907.0,727.2,878.4,1398.8,772.1,1.0
27.6,46.7,1.5278,1129.6,955.4,629.8,1517.7,1081.2,1.9
11.7,74.1,1.0422,1245.3,836.1,715.8,1398.6,898.2,2.1
28.1,23.0,0.9616,993.2,1147.6,703.9,1631.1,1332.8,2.9
12.7,81.8,1.1817,1244.6,1072.3,556.7,1528.0,1290.0,3.5
13.7,67.8,1.0658,1175.5,897.8,779.1,1232.2,874.7,2.0
15.3,56.4,1.0033,1144.3,922.5,705.6,1325.1,1188.6,1.9
20.2,33.5,0.825,911.8,847.4,1139.7,1465.7,633.3,1.0
38.2,22.5,1.3107,1093.9,1017.4,685.3,1400.6,821.1,1.7
13.0,76.0,1.182,1128.9,867.3,779.1,1336.4,911.0,2.3
18.3,53.1,1.0945,1800.2,1573.0,576.3,2491.9,2091.6,6.8
17.0,35.7,0.6788,1299.0,929.3,830.3,1572.8,926.0,2.0
29.6,25.7,1.1278,1060.3,1098.9,803.5,1819.6,813.1,1.3
16.9,49.5,0.9466,1015.4,753.0,1110.9,1405.8,516.8,1.0
25.5,36.8,1.0807,989.8,995.9,755.6,1541.3,1030.0,1.9
21.6,54.6,1.3205,1592.2,1472.6,520.8,2413.0,1864.6,5.2
19.4,60.1,1.2758,771.9,685.0,1022.1,1352.4,706.6,0.9
15.7,65.8,1.1071,1056.4,824.2,920.0,1690.7,923.5,1.4
30.7,39.3,1.6212,1070.7,746.4,853.5,1470.6,840.5,1.1
15.1,53.2,0.9246,869.1,849.4,890.8,1194.1,772.2,1.5
10.6,43.5,0.5895,818.0,545.0,1651.5,1060.3,334.2,0.6
11.6,57.6,0.7996,990.2,673.2,1093.2,1219.2,862.0,0.9
30.0,45.9,2.0034,1007.7,872.6,741.9,1609.9,891.3,1.3
13.8,37.7,0.5877,1033.0,1174.7,648.9,1282.2,1235.5,3.0
23.8,56.8,1.7233,1050.0,931.2,717.0,1521.6,1053.6,2.1
34.1,19.4,1.1422,1096.0,1054.4,785.0,1706.2,928.2,1.9
28.7,22.2,0.8935,1456.4,1304.8,694.0,2003.4,1338.0,3.7
34.3,18.6,0.9484,1378.0,1304.0,889.0,1455.4,1635.6,4.2
23.0,54.5,1.6048,1518.2,1339.3,504.4,1981.9,1593.9,3.6
31.8,22.6,0.9768,910.1,839.4,770.0,1332.8,768.0,1.4
23.1,65.4,1.7358,1112.0,844.4,727.2,1641.5,1068.5,1.1
30.4,34.7,1.4782,1228.0,1157.1,596.6,1856.4,1303.0,3.4
21.7,57.7,1.5829,1538.2,1446.1,449.3,2020.9,1822.8,5.0
25.6,43.1,1.54,1390.8,1188.4,535.3,1964.2,1546.5,3.2
16.4,42.1,0.8281,1323.8,1252.0,682.6,1903.1,1162.8,3.6
19.4,64.8,1.4415,1046.4,868.6,772.7,1448.8,1072.2,1.8
30.3,20.8,0.8338,1156.9,1173.6,734.4,1804.4,1189.0,2.6
23.7,46.5,1.4301,1058.8,922.6,842.1,1817.6,1007.0,1.6
26.8,38.7,1.2949,1022.9,865.3,826.8,1455.0,978.0,1.1
22.4,55.0,1.5357,811.9,674.7,929.2,1272.8,788.6,0.6
14.1,18.7,0.3214,814.0,793.5,1018.0,876.2,806.0,0.3
22.9,33.0,0.2268,1124.2,409.1,1809.5,624.0,639.2,2.0
33.9,29.5,1.445,1060.9,818.7,917.0,1551.0,747.0,1.6
35.6,21.6,1.1135,962.6,1054.4,766.3,1849.7,905.5,2.4
18.0,24.9,0.5738,873.0,675.0,1343.0,1204.6,368.3,0.9
29.2,34.0,1.2173,1505.5,1729.5,473.0,2037.0,1660.0,6.6
26.7,40.3,1.402,1081.1,967.0,785.0,1845.0,910.0,1.7
13.6,63.5,0.9335,1350.2,1156.2,505.0,1432.6,1866.8,4.0
21.9,37.5,0.9681,1629.1,1382.7,606.2,2217.6,1501.6,5.4
7.9,59.8,0.6982,948.7,612.5,1405.8,1210.3,810.8,1.0
20.6,45.8,1.1501,860.2,681.2,926.6,1411.4,979.7,0.3
10.9,68.3,0.8537,832.4,525.3,1499.9,1302.7,412.6,0.6
20.1,67.6,1.6015,1398.4,1278.9,541.8,1808.1,1519.4,4.0
19.4,55.8,1.4193,1271.7,1247.4,576.6,1707.2,1554.8,3.1
17.4,45.8,0.9394,952.8,803.6,911.0,1484.1,926.2,0.7
26.9,30.1,1.0501,930.8,745.0,962.6,1261.3,646.4,1.2
24.8,44.7,1.5159,860.0,641.7,1075.1,1422.0,546.5,0.5
29.9,41.7,1.5949,1373.7,1443.4,491.0,2141.4,1619.2,4.6
16.4,61.3,1.2667,1020.0,872.1,854.6,1627.8,753.9,1.5
17.5,57.1,1.1269,1031.6,725.7,959.9,1584.7,958.3,1.0
21.7,70.4,1.8161,1616.0,1584.1,413.1,2213.4,1655.4,5.6
18.0,48.8,1.0581,1366.3,1177.0,769.6,1553.2,1454.3,2.9
22.5,52.2,1.4968,1271.8,1330.8,662.5,2047.3,1326.0,3.5
26.2,55.2,1.7546,905.2,924.3,728.6,1633.2,762.8,1.4
11.1,55.7,0.763,1337.6,1327.3,484.0,1575.8,1932.6,4.4
7.3,56.0,0.593,808.0,585.5,1161.5,957.9,729.4,0.8
17.3,39.7,0.821,1520.0,1399.6,679.1,2070.3,1764.4,4.7
43.0,14.2,1.1609,930.6,869.0,957.3,1428.5,628.9,1.2
37.2,33.7,1.837,950.4,628.7,992.8,1383.8,517.3,0.8
8.0,61.8,0.699,973.2,674.2,1301.0,1422.5,749.6,1.2
27.7,45.4,1.5031,1302.7,963.5,616.6,1492.7,997.9,2.0
21.4,40.1,0.9978,1620.0,1392.9,673.1,2052.0,1504.3,4.8
12.9,61.7,0.9677,994.2,816.9,963.5,1515.7,902.1,2.2
25.1,32.2,0.2284,1176.2,397.3,1760.9,641.5,623.9,1.6
26.5,36.6,1.4291,1166.0,988.9,707.2,1625.1,972.3,2.2
26.9,39.7,1.2822,944.6,956.9,880.3,1736.7,825.2,1.5
